已快照: _bak_dist\20260927_235743_config.json
已快照: _bak_dist\20260927_235743_playlist.json
281 INFO: PyInstaller: 6.22.3, contrib hooks: 2026.7
281 INFO: Python: 3.14.5
312 INFO: Platform: Windows-11-10.0.26200-SP0
312 INFO: Python environment: C:\Users\XKZ\AppData\Local\Python\pythoncore-3.14-64
318 INFO: Module search paths (PYTHONPATH):
['C:\\Users\\XKZ\\AppData\\Local\\Python\\pythoncore-3.14-64\\Scripts\\pyinstaller.exe',
 'C:\\Users\\XKZ\\AppData\\Local\\Python\\pythoncore-3.14-64\\python314.zip',
 'C:\\Users\\XKZ\\AppData\\Local\\Python\\pythoncore-3.14-64\\DLLs',
 'C:\\Users\\XKZ\\AppData\\Local\\Python\\pythoncore-3.14-64\\Lib',
 'C:\\Users\\XKZ\\AppData\\Local\\Python\\pythoncore-3.14-64',
 'C:\\Users\\XKZ\\AppData\\Roaming\\Python\\Python314\\site-packages',
 'C:\\Users\\XKZ\\AppData\\Local\\Python\\pythoncore-3.14-64\\Lib\\site-packages',
 'C:\\Users\\XKZ\\Documents\\VSCode Projects\\AEGIS\\src',
 'C:\\Users\\XKZ\\Documents\\VSCode Projects\\CubeSetlistManager']
1698 INFO: Appending 'datas' from .spec
1699 INFO: checking Analysis
1740 INFO: Building because C:\Users\XKZ\Documents\VSCode Projects\CubeSetlistManager\daw_ctrl.py changed
1740 INFO: Looking for Python shared library...
1740 INFO: Using Python shared library: C:\Users\XKZ\AppData\Local\Python\pythoncore-3.14-64\python314.dll
1740 INFO: Running Analysis Analysis-00.toc
1740 INFO: Target bytecode optimization level: 0
1740 INFO: Initializing module dependency graph...
1742 INFO: Initializing module graph hook caches...
1901 INFO: Analyzing modules for base_library.zip ...
3319 INFO: Processing standard module hook 'hook-math.py' from 'C:\\Users\\XKZ\\AppData\\Local\\Python\\pythoncore-3.14-64\\Lib\\site-packages\\PyInstaller\\hooks'
4571 INFO: Processing standard module hook 'hook-encodings.py' from 'C:\\Users\\XKZ\\AppData\\Local\\Python\\pythoncore-3.14-64\\Lib\\site-packages\\PyInstaller\\hooks'
5343 INFO: Processing standard module hook 'hook-pickle.py' from 'C:\\Users\\XKZ\\AppData\\Local\\Python\\pythoncore-3.14-64\\Lib\\site-packages\\PyInstaller\\hooks'
5974 INFO: Processing standard module hook 'hook-difflib.py' from 'C:\\Users\\XKZ\\AppData\\Local\\Python\\pythoncore-3.14-64\\Lib\\site-packages\\PyInstaller\\hooks'
6002 INFO: Processing standard module hook 'hook-heapq.py' from 'C:\\Users\\XKZ\\AppData\\Local\\Python\\pythoncore-3.14-64\\Lib\\site-packages\\PyInstaller\\hooks'
11766 INFO: Caching module dependency graph...
11804 INFO: Analyzing C:\Users\XKZ\Documents\VSCode Projects\CubeSetlistManager\setlist_gui.py
12014 INFO: Processing standard module hook 'hook-sysconfig.py' from 'C:\\Users\\XKZ\\AppData\\Local\\Python\\pythoncore-3.14-64\\Lib\\site-packages\\PyInstaller\\hooks'
12031 INFO: Processing standard module hook 'hook-_ctypes.py' from 'C:\\Users\\XKZ\\AppData\\Local\\Python\\pythoncore-3.14-64\\Lib\\site-packages\\PyInstaller\\hooks'
12066 INFO: Processing pre-find-module-path hook 'hook-tkinter.py' from 'C:\\Users\\XKZ\\AppData\\Local\\Python\\pythoncore-3.14-64\\Lib\\site-packages\\PyInstaller\\hooks\\pre_find_module_path'
12070 INFO: TclTkInfo: initializing cached Tcl/Tk info...
12599 INFO: Processing standard module hook 'hook-_tkinter.py' from 'C:\\Users\\XKZ\\AppData\\Local\\Python\\pythoncore-3.14-64\\Lib\\site-packages\\PyInstaller\\hooks'
13320 INFO: Processing module hooks (post-graph stage)...
13345 INFO: Processing standard module hook 'hook-_tkinter.py' from 'C:\\Users\\XKZ\\AppData\\Local\\Python\\pythoncore-3.14-64\\Lib\\site-packages\\PyInstaller\\hooks'
13354 INFO: Performing binary vs. data reclassification (928 entries)
21563 INFO: Looking for ctypes DLLs
21656 INFO: Analyzing run-time hooks ...
21657 INFO: Including run-time hook 'pyi_rth_inspect.py' from 'C:\\Users\\XKZ\\AppData\\Local\\Python\\pythoncore-3.14-64\\Lib\\site-packages\\PyInstaller\\hooks\\rthooks'
21674 INFO: Including run-time hook 'pyi_rth__tkinter.py' from 'C:\\Users\\XKZ\\AppData\\Local\\Python\\pythoncore-3.14-64\\Lib\\site-packages\\PyInstaller\\hooks\\rthooks'
21712 INFO: Creating base_library.zip...
21731 INFO: Looking for dynamic libraries
21972 INFO: Extra DLL search directories (AddDllDirectory): []
21972 INFO: Extra DLL search directories (PATH): []
22668 INFO: Warnings written to C:\Users\XKZ\Documents\VSCode Projects\CubeSetlistManager\build\Cube Setlist Manager\warn-Cube Setlist Manager.txt
22688 INFO: Graph cross-reference written to C:\Users\XKZ\Documents\VSCode Projects\CubeSetlistManager\build\Cube Setlist Manager\xref-Cube Setlist Manager.html
22789 INFO: checking PYZ
22804 INFO: Building because C:\Users\XKZ\Documents\VSCode Projects\CubeSetlistManager\daw_ctrl.py changed
22804 INFO: Building PYZ (ZlibArchive) C:\Users\XKZ\Documents\VSCode Projects\CubeSetlistManager\build\Cube Setlist Manager\PYZ-00.pyz
22968 INFO: Building PYZ (ZlibArchive) C:\Users\XKZ\Documents\VSCode Projects\CubeSetlistManager\build\Cube Setlist Manager\PYZ-00.pyz completed successfully.
22975 INFO: checking PKG
22987 INFO: Building because C:\Users\XKZ\Documents\VSCode Projects\CubeSetlistManager\build\Cube Setlist Manager\PYZ-00.pyz changed
22987 INFO: Building PKG (CArchive) Cube Setlist Manager.pkg
23057 INFO: Building PKG (CArchive) Cube Setlist Manager.pkg completed successfully.
23059 INFO: Bootloader C:\Users\XKZ\AppData\Local\Python\pythoncore-3.14-64\Lib\site-packages\PyInstaller\bootloader\Windows-64bit-intel\runw.exe
23059 INFO: checking EXE
23072 INFO: Rebuilding EXE-00.toc because pkg is more recent
23072 INFO: Building EXE from EXE-00.toc
23073 INFO: Copying bootloader EXE to C:\Users\XKZ\Documents\VSCode Projects\CubeSetlistManager\build\Cube Setlist Manager\Cube Setlist Manager.exe
23179 INFO: Copying icon to EXE
23224 INFO: Copying 0 resources to EXE
23224 INFO: Embedding manifest in EXE
23282 INFO: Appending PKG archive to EXE
23349 INFO: Fixing EXE headers
23613 INFO: Building EXE from EXE-00.toc completed successfully.
23623 INFO: checking COLLECT
23647 INFO: Removing dir C:\Users\XKZ\Documents\VSCode Projects\CubeSetlistManager\dist\Cube Setlist Manager
23979 INFO: Building COLLECT COLLECT-00.toc
26186 INFO: Building COLLECT COLLECT-00.toc completed successfully.
26218 INFO: Build complete! The results are available in: C:\Users\XKZ\Documents\VSCode Projects\CubeSetlistManager\dist
APK included
Inno Setup 6 Command-Line Compiler
Copyright (C) 1997-2026 Jordan Russell. All rights reserved.
Portions Copyright (C) 2000-2026 Martijn Laan. All rights reserved.
Portions Copyright (C) 2001-2004 Alex Yackimoff. All rights reserved.
https://www.innosetup.com

Compiler engine version: Inno Setup 6.7.3
Non-commercial use only

Preprocessing
   Reading file: C:\Users\XKZ\AppData\Local\Programs\Inno Setup 6\ISPPBuiltins.iss
Parsing [Setup] section, line 29
Parsing [Setup] section, line 30
Parsing [Setup] section, line 31
Parsing [Setup] section, line 32
Parsing [Setup] section, line 33
Parsing [Setup] section, line 34
Parsing [Setup] section, line 35
Parsing [Setup] section, line 36
Parsing [Setup] section, line 37
Parsing [Setup] section, line 38
Parsing [Setup] section, line 39
Parsing [Setup] section, line 40
Parsing [Setup] section, line 41
Parsing [Setup] section, line 42
Parsing [Setup] section, line 43
Reading file (WizardImageFile)
Reading file (WizardSmallImageFile)
Preparing Setup program executable
   Verification successful
   Updating icons (Setup.e32)
   Updating version info (Setup.e32)
Determining language code pages
   Reading file: C:\Users\XKZ\AppData\Local\Programs\Inno Setup 6\Default.isl
   Messages in script file
Reading default messages from Default.isl
Parsing [LangOptions], [Messages], and [CustomMessages] sections
   Reading file: C:\Users\XKZ\AppData\Local\Programs\Inno Setup 6\Default.isl
   Messages in script file
Reading [Code] section
Parsing [Tasks] section, line 46
Parsing [Icons] section, line 78
Parsing [Icons] section, line 79
Parsing [InstallDelete] section, line 54
Parsing [Run] section, line 83
Parsing [Files] section, line 60
Parsing [Files] section, line 63
Parsing [Files] section, line 66
Parsing [Files] section, line 72
Parsing [Files] section, line 74
Creating setup files
   Verification successful
   Updating icons (Setup.exe)
   Compressing: C:\Users\XKZ\Documents\VSCode Projects\CubeSetlistManager\dist\Cube Setlist Manager\Cube Setlist Manager.exe
   Compressing: C:\Users\XKZ\Documents\VSCode Projects\CubeSetlistManager\dist\Cube Setlist Manager\_internal\api-ms-win-core-console-l1-1-0.dll
   Compressing: C:\Users\XKZ\Documents\VSCode Projects\CubeSetlistManager\dist\Cube Setlist Manager\_internal\api-ms-win-core-datetime-l1-1-0.dll
   Compressing: C:\Users\XKZ\Documents\VSCode Projects\CubeSetlistManager\dist\Cube Setlist Manager\_internal\api-ms-win-core-debug-l1-1-0.dll
   Compressing: C:\Users\XKZ\Documents\VSCode Projects\CubeSetlistManager\dist\Cube Setlist Manager\_internal\api-ms-win-core-errorhandling-l1-1-0.dll
   Compressing: C:\Users\XKZ\Documents\VSCode Projects\CubeSetlistManager\dist\Cube Setlist Manager\_internal\api-ms-win-core-fibers-l1-1-0.dll
   Compressing: C:\Users\XKZ\Documents\VSCode Projects\CubeSetlistManager\dist\Cube Setlist Manager\_internal\api-ms-win-core-fibers-l1-1-1.dll
   Compressing: C:\Users\XKZ\Documents\VSCode Projects\CubeSetlistManager\dist\Cube Setlist Manager\_internal\api-ms-win-core-file-l1-1-0.dll
   Compressing: C:\Users\XKZ\Documents\VSCode Projects\CubeSetlistManager\dist\Cube Setlist Manager\_internal\api-ms-win-core-file-l1-2-0.dll
   Compressing: C:\Users\XKZ\Documents\VSCode Projects\CubeSetlistManager\dist\Cube Setlist Manager\_internal\api-ms-win-core-file-l2-1-0.dll
   Compressing: C:\Users\XKZ\Documents\VSCode Projects\CubeSetlistManager\dist\Cube Setlist Manager\_internal\api-ms-win-core-handle-l1-1-0.dll
   Compressing: C:\Users\XKZ\Documents\VSCode Projects\CubeSetlistManager\dist\Cube Setlist Manager\_internal\api-ms-win-core-heap-l1-1-0.dll
   Compressing: C:\Users\XKZ\Documents\VSCode Projects\CubeSetlistManager\dist\Cube Setlist Manager\_internal\api-ms-win-core-interlocked-l1-1-0.dll
   Compressing: C:\Users\XKZ\Documents\VSCode Projects\CubeSetlistManager\dist\Cube Setlist Manager\_internal\api-ms-win-core-kernel32-legacy-l1-1-1.dll
   Compressing: C:\Users\XKZ\Documents\VSCode Projects\CubeSetlistManager\dist\Cube Setlist Manager\_internal\api-ms-win-core-libraryloader-l1-1-0.dll
   Compressing: C:\Users\XKZ\Documents\VSCode Projects\CubeSetlistManager\dist\Cube Setlist Manager\_internal\api-ms-win-core-localization-l1-2-0.dll
   Compressing: C:\Users\XKZ\Documents\VSCode Projects\CubeSetlistManager\dist\Cube Setlist Manager\_internal\api-ms-win-core-memory-l1-1-0.dll
   Compressing: C:\Users\XKZ\Documents\VSCode Projects\CubeSetlistManager\dist\Cube Setlist Manager\_internal\api-ms-win-core-namedpipe-l1-1-0.dll
   Compressing: C:\Users\XKZ\Documents\VSCode Projects\CubeSetlistManager\dist\Cube Setlist Manager\_internal\api-ms-win-core-processenvironment-l1-1-0.dll
   Compressing: C:\Users\XKZ\Documents\VSCode Projects\CubeSetlistManager\dist\Cube Setlist Manager\_internal\api-ms-win-core-processthreads-l1-1-0.dll
   Compressing: C:\Users\XKZ\Documents\VSCode Projects\CubeSetlistManager\dist\Cube Setlist Manager\_internal\api-ms-win-core-processthreads-l1-1-1.dll
   Compressing: C:\Users\XKZ\Documents\VSCode Projects\CubeSetlistManager\dist\Cube Setlist Manager\_internal\api-ms-win-core-profile-l1-1-0.dll
   Compressing: C:\Users\XKZ\Documents\VSCode Projects\CubeSetlistManager\dist\Cube Setlist Manager\_internal\api-ms-win-core-rtlsupport-l1-1-0.dll
   Compressing: C:\Users\XKZ\Documents\VSCode Projects\CubeSetlistManager\dist\Cube Setlist Manager\_internal\api-ms-win-core-string-l1-1-0.dll
   Compressing: C:\Users\XKZ\Documents\VSCode Projects\CubeSetlistManager\dist\Cube Setlist Manager\_internal\api-ms-win-core-synch-l1-1-0.dll
   Compressing: C:\Users\XKZ\Documents\VSCode Projects\CubeSetlistManager\dist\Cube Setlist Manager\_internal\api-ms-win-core-synch-l1-2-0.dll
   Compressing: C:\Users\XKZ\Documents\VSCode Projects\CubeSetlistManager\dist\Cube Setlist Manager\_internal\api-ms-win-core-sysinfo-l1-1-0.dll
   Compressing: C:\Users\XKZ\Documents\VSCode Projects\CubeSetlistManager\dist\Cube Setlist Manager\_internal\api-ms-win-core-sysinfo-l1-2-0.dll
   Compressing: C:\Users\XKZ\Documents\VSCode Projects\CubeSetlistManager\dist\Cube Setlist Manager\_internal\api-ms-win-core-timezone-l1-1-0.dll
   Compressing: C:\Users\XKZ\Documents\VSCode Projects\CubeSetlistManager\dist\Cube Setlist Manager\_internal\api-ms-win-core-util-l1-1-0.dll
   Compressing: C:\Users\XKZ\Documents\VSCode Projects\CubeSetlistManager\dist\Cube Setlist Manager\_internal\api-ms-win-crt-conio-l1-1-0.dll
   Compressing: C:\Users\XKZ\Documents\VSCode Projects\CubeSetlistManager\dist\Cube Setlist Manager\_internal\api-ms-win-crt-convert-l1-1-0.dll
   Compressing: C:\Users\XKZ\Documents\VSCode Projects\CubeSetlistManager\dist\Cube Setlist Manager\_internal\api-ms-win-crt-environment-l1-1-0.dll
   Compressing: C:\Users\XKZ\Documents\VSCode Projects\CubeSetlistManager\dist\Cube Setlist Manager\_internal\api-ms-win-crt-filesystem-l1-1-0.dll
   Compressing: C:\Users\XKZ\Documents\VSCode Projects\CubeSetlistManager\dist\Cube Setlist Manager\_internal\api-ms-win-crt-heap-l1-1-0.dll
   Compressing: C:\Users\XKZ\Documents\VSCode Projects\CubeSetlistManager\dist\Cube Setlist Manager\_internal\api-ms-win-crt-locale-l1-1-0.dll
   Compressing: C:\Users\XKZ\Documents\VSCode Projects\CubeSetlistManager\dist\Cube Setlist Manager\_internal\api-ms-win-crt-math-l1-1-0.dll
   Compressing: C:\Users\XKZ\Documents\VSCode Projects\CubeSetlistManager\dist\Cube Setlist Manager\_internal\api-ms-win-crt-process-l1-1-0.dll
   Compressing: C:\Users\XKZ\Documents\VSCode Projects\CubeSetlistManager\dist\Cube Setlist Manager\_internal\api-ms-win-crt-runtime-l1-1-0.dll
   Compressing: C:\Users\XKZ\Documents\VSCode Projects\CubeSetlistManager\dist\Cube Setlist Manager\_internal\api-ms-win-crt-stdio-l1-1-0.dll
   Compressing: C:\Users\XKZ\Documents\VSCode Projects\CubeSetlistManager\dist\Cube Setlist Manager\_internal\api-ms-win-crt-string-l1-1-0.dll
   Compressing: C:\Users\XKZ\Documents\VSCode Projects\CubeSetlistManager\dist\Cube Setlist Manager\_internal\api-ms-win-crt-time-l1-1-0.dll
   Compressing: C:\Users\XKZ\Documents\VSCode Projects\CubeSetlistManager\dist\Cube Setlist Manager\_internal\api-ms-win-crt-utility-l1-1-0.dll
   Compressing: C:\Users\XKZ\Documents\VSCode Projects\CubeSetlistManager\dist\Cube Setlist Manager\_internal\app.ico
   Compressing: C:\Users\XKZ\Documents\VSCode Projects\CubeSetlistManager\dist\Cube Setlist Manager\_internal\base_library.zip
   Compressing: C:\Users\XKZ\Documents\VSCode Projects\CubeSetlistManager\dist\Cube Setlist Manager\_internal\libcrypto-3.dll
   Compressing: C:\Users\XKZ\Documents\VSCode Projects\CubeSetlistManager\dist\Cube Setlist Manager\_internal\libffi-8.dll
   Compressing: C:\Users\XKZ\Documents\VSCode Projects\CubeSetlistManager\dist\Cube Setlist Manager\_internal\libssl-3.dll
   Compressing: C:\Users\XKZ\Documents\VSCode Projects\CubeSetlistManager\dist\Cube Setlist Manager\_internal\python314.dll
   Compressing: C:\Users\XKZ\Documents\VSCode Projects\CubeSetlistManager\dist\Cube Setlist Manager\_internal\select.pyd
   Compressing: C:\Users\XKZ\Documents\VSCode Projects\CubeSetlistManager\dist\Cube Setlist Manager\_internal\tcl86t.dll
   Compressing: C:\Users\XKZ\Documents\VSCode Projects\CubeSetlistManager\dist\Cube Setlist Manager\_internal\tk86t.dll
   Compressing: C:\Users\XKZ\Documents\VSCode Projects\CubeSetlistManager\dist\Cube Setlist Manager\_internal\ucrtbase.dll
   Compressing: C:\Users\XKZ\Documents\VSCode Projects\CubeSetlistManager\dist\Cube Setlist Manager\_internal\unicodedata.pyd
   Compressing: C:\Users\XKZ\Documents\VSCode Projects\CubeSetlistManager\dist\Cube Setlist Manager\_internal\VCRUNTIME140.dll
   Compressing: C:\Users\XKZ\Documents\VSCode Projects\CubeSetlistManager\dist\Cube Setlist Manager\_internal\zlib1.dll
   Compressing: C:\Users\XKZ\Documents\VSCode Projects\CubeSetlistManager\dist\Cube Setlist Manager\_internal\_bz2.pyd
   Compressing: C:\Users\XKZ\Documents\VSCode Projects\CubeSetlistManager\dist\Cube Setlist Manager\_internal\_ctypes.pyd
   Compressing: C:\Users\XKZ\Documents\VSCode Projects\CubeSetlistManager\dist\Cube Setlist Manager\_internal\_decimal.pyd
   Compressing: C:\Users\XKZ\Documents\VSCode Projects\CubeSetlistManager\dist\Cube Setlist Manager\_internal\_hashlib.pyd
   Compressing: C:\Users\XKZ\Documents\VSCode Projects\CubeSetlistManager\dist\Cube Setlist Manager\_internal\_lzma.pyd
   Compressing: C:\Users\XKZ\Documents\VSCode Projects\CubeSetlistManager\dist\Cube Setlist Manager\_internal\_queue.pyd
   Compressing: C:\Users\XKZ\Documents\VSCode Projects\CubeSetlistManager\dist\Cube Setlist Manager\_internal\_socket.pyd
   Compressing: C:\Users\XKZ\Documents\VSCode Projects\CubeSetlistManager\dist\Cube Setlist Manager\_internal\_ssl.pyd
   Compressing: C:\Users\XKZ\Documents\VSCode Projects\CubeSetlistManager\dist\Cube Setlist Manager\_internal\_tkinter.pyd
   Compressing: C:\Users\XKZ\Documents\VSCode Projects\CubeSetlistManager\dist\Cube Setlist Manager\_internal\_zstd.pyd
   Compressing: C:\Users\XKZ\Documents\VSCode Projects\CubeSetlistManager\dist\Cube Setlist Manager\_internal\tcl8\8.4\platform-1.0.19.tm
   Compressing: C:\Users\XKZ\Documents\VSCode Projects\CubeSetlistManager\dist\Cube Setlist Manager\_internal\tcl8\8.4\platform\shell-1.1.4.tm
   Compressing: C:\Users\XKZ\Documents\VSCode Projects\CubeSetlistManager\dist\Cube Setlist Manager\_internal\tcl8\8.5\msgcat-1.6.1.tm
   Compressing: C:\Users\XKZ\Documents\VSCode Projects\CubeSetlistManager\dist\Cube Setlist Manager\_internal\tcl8\8.5\tcltest-2.5.8.tm
   Compressing: C:\Users\XKZ\Documents\VSCode Projects\CubeSetlistManager\dist\Cube Setlist Manager\_internal\tcl8\8.6\http-2.9.8.tm
   Compressing: C:\Users\XKZ\Documents\VSCode Projects\CubeSetlistManager\dist\Cube Setlist Manager\_internal\_tcl_data\auto.tcl
   Compressing: C:\Users\XKZ\Documents\VSCode Projects\CubeSetlistManager\dist\Cube Setlist Manager\_internal\_tcl_data\clock.tcl
   Compressing: C:\Users\XKZ\Documents\VSCode Projects\CubeSetlistManager\dist\Cube Setlist Manager\_internal\_tcl_data\history.tcl
   Compressing: C:\Users\XKZ\Documents\VSCode Projects\CubeSetlistManager\dist\Cube Setlist Manager\_internal\_tcl_data\init.tcl
   Compressing: C:\Users\XKZ\Documents\VSCode Projects\CubeSetlistManager\dist\Cube Setlist Manager\_internal\_tcl_data\package.tcl
   Compressing: C:\Users\XKZ\Documents\VSCode Projects\CubeSetlistManager\dist\Cube Setlist Manager\_internal\_tcl_data\parray.tcl
   Compressing: C:\Users\XKZ\Documents\VSCode Projects\CubeSetlistManager\dist\Cube Setlist Manager\_internal\_tcl_data\safe.tcl
   Compressing: C:\Users\XKZ\Documents\VSCode Projects\CubeSetlistManager\dist\Cube Setlist Manager\_internal\_tcl_data\tclIndex
   Compressing: C:\Users\XKZ\Documents\VSCode Projects\CubeSetlistManager\dist\Cube Setlist Manager\_internal\_tcl_data\tm.tcl
   Compressing: C:\Users\XKZ\Documents\VSCode Projects\CubeSetlistManager\dist\Cube Setlist Manager\_internal\_tcl_data\word.tcl
   Compressing: C:\Users\XKZ\Documents\VSCode Projects\CubeSetlistManager\dist\Cube Setlist Manager\_internal\_tcl_data\encoding\ascii.enc
   Compressing: C:\Users\XKZ\Documents\VSCode Projects\CubeSetlistManager\dist\Cube Setlist Manager\_internal\_tcl_data\encoding\big5.enc
   Compressing: C:\Users\XKZ\Documents\VSCode Projects\CubeSetlistManager\dist\Cube Setlist Manager\_internal\_tcl_data\encoding\cns11643.enc
   Compressing: C:\Users\XKZ\Documents\VSCode Projects\CubeSetlistManager\dist\Cube Setlist Manager\_internal\_tcl_data\encoding\cp1250.enc
   Compressing: C:\Users\XKZ\Documents\VSCode Projects\CubeSetlistManager\dist\Cube Setlist Manager\_internal\_tcl_data\encoding\cp1251.enc
   Compressing: C:\Users\XKZ\Documents\VSCode Projects\CubeSetlistManager\dist\Cube Setlist Manager\_internal\_tcl_data\encoding\cp1252.enc
   Compressing: C:\Users\XKZ\Documents\VSCode Projects\CubeSetlistManager\dist\Cube Setlist Manager\_internal\_tcl_data\encoding\cp1253.enc
   Compressing: C:\Users\XKZ\Documents\VSCode Projects\CubeSetlistManager\dist\Cube Setlist Manager\_internal\_tcl_data\encoding\cp1254.enc
   Compressing: C:\Users\XKZ\Documents\VSCode Projects\CubeSetlistManager\dist\Cube Setlist Manager\_internal\_tcl_data\encoding\cp1255.enc
   Compressing: C:\Users\XKZ\Documents\VSCode Projects\CubeSetlistManager\dist\Cube Setlist Manager\_internal\_tcl_data\encoding\cp1256.enc
   Compressing: C:\Users\XKZ\Documents\VSCode Projects\CubeSetlistManager\dist\Cube Setlist Manager\_internal\_tcl_data\encoding\cp1257.enc
   Compressing: C:\Users\XKZ\Documents\VSCode Projects\CubeSetlistManager\dist\Cube Setlist Manager\_internal\_tcl_data\encoding\cp1258.enc
   Compressing: C:\Users\XKZ\Documents\VSCode Projects\CubeSetlistManager\dist\Cube Setlist Manager\_internal\_tcl_data\encoding\cp437.enc
   Compressing: C:\Users\XKZ\Documents\VSCode Projects\CubeSetlistManager\dist\Cube Setlist Manager\_internal\_tcl_data\encoding\cp737.enc
   Compressing: C:\Users\XKZ\Documents\VSCode Projects\CubeSetlistManager\dist\Cube Setlist Manager\_internal\_tcl_data\encoding\cp775.enc
   Compressing: C:\Users\XKZ\Documents\VSCode Projects\CubeSetlistManager\dist\Cube Setlist Manager\_internal\_tcl_data\encoding\cp850.enc
   Compressing: C:\Users\XKZ\Documents\VSCode Projects\CubeSetlistManager\dist\Cube Setlist Manager\_internal\_tcl_data\encoding\cp852.enc
   Compressing: C:\Users\XKZ\Documents\VSCode Projects\CubeSetlistManager\dist\Cube Setlist Manager\_internal\_tcl_data\encoding\cp855.enc
   Compressing: C:\Users\XKZ\Documents\VSCode Projects\CubeSetlistManager\dist\Cube Setlist Manager\_internal\_tcl_data\encoding\cp857.enc
   Compressing: C:\Users\XKZ\Documents\VSCode Projects\CubeSetlistManager\dist\Cube Setlist Manager\_internal\_tcl_data\encoding\cp860.enc
   Compressing: C:\Users\XKZ\Documents\VSCode Projects\CubeSetlistManager\dist\Cube Setlist Manager\_internal\_tcl_data\encoding\cp861.enc
   Compressing: C:\Users\XKZ\Documents\VSCode Projects\CubeSetlistManager\dist\Cube Setlist Manager\_internal\_tcl_data\encoding\cp862.enc
   Compressing: C:\Users\XKZ\Documents\VSCode Projects\CubeSetlistManager\dist\Cube Setlist Manager\_internal\_tcl_data\encoding\cp863.enc
   Compressing: C:\Users\XKZ\Documents\VSCode Projects\CubeSetlistManager\dist\Cube Setlist Manager\_internal\_tcl_data\encoding\cp864.enc
   Compressing: C:\Users\XKZ\Documents\VSCode Projects\CubeSetlistManager\dist\Cube Setlist Manager\_internal\_tcl_data\encoding\cp865.enc
   Compressing: C:\Users\XKZ\Documents\VSCode Projects\CubeSetlistManager\dist\Cube Setlist Manager\_internal\_tcl_data\encoding\cp866.enc
   Compressing: C:\Users\XKZ\Documents\VSCode Projects\CubeSetlistManager\dist\Cube Setlist Manager\_internal\_tcl_data\encoding\cp869.enc
   Compressing: C:\Users\XKZ\Documents\VSCode Projects\CubeSetlistManager\dist\Cube Setlist Manager\_internal\_tcl_data\encoding\cp874.enc
   Compressing: C:\Users\XKZ\Documents\VSCode Projects\CubeSetlistManager\dist\Cube Setlist Manager\_internal\_tcl_data\encoding\cp932.enc
   Compressing: C:\Users\XKZ\Documents\VSCode Projects\CubeSetlistManager\dist\Cube Setlist Manager\_internal\_tcl_data\encoding\cp936.enc
   Compressing: C:\Users\XKZ\Documents\VSCode Projects\CubeSetlistManager\dist\Cube Setlist Manager\_internal\_tcl_data\encoding\cp949.enc
   Compressing: C:\Users\XKZ\Documents\VSCode Projects\CubeSetlistManager\dist\Cube Setlist Manager\_internal\_tcl_data\encoding\cp950.enc
   Compressing: C:\Users\XKZ\Documents\VSCode Projects\CubeSetlistManager\dist\Cube Setlist Manager\_internal\_tcl_data\encoding\dingbats.enc
   Compressing: C:\Users\XKZ\Documents\VSCode Projects\CubeSetlistManager\dist\Cube Setlist Manager\_internal\_tcl_data\encoding\ebcdic.enc
   Compressing: C:\Users\XKZ\Documents\VSCode Projects\CubeSetlistManager\dist\Cube Setlist Manager\_internal\_tcl_data\encoding\euc-cn.enc
   Compressing: C:\Users\XKZ\Documents\VSCode Projects\CubeSetlistManager\dist\Cube Setlist Manager\_internal\_tcl_data\encoding\euc-jp.enc
   Compressing: C:\Users\XKZ\Documents\VSCode Projects\CubeSetlistManager\dist\Cube Setlist Manager\_internal\_tcl_data\encoding\euc-kr.enc
   Compressing: C:\Users\XKZ\Documents\VSCode Projects\CubeSetlistManager\dist\Cube Setlist Manager\_internal\_tcl_data\encoding\gb12345.enc
   Compressing: C:\Users\XKZ\Documents\VSCode Projects\CubeSetlistManager\dist\Cube Setlist Manager\_internal\_tcl_data\encoding\gb1988.enc
   Compressing: C:\Users\XKZ\Documents\VSCode Projects\CubeSetlistManager\dist\Cube Setlist Manager\_internal\_tcl_data\encoding\gb2312-raw.enc
   Compressing: C:\Users\XKZ\Documents\VSCode Projects\CubeSetlistManager\dist\Cube Setlist Manager\_internal\_tcl_data\encoding\gb2312.enc
   Compressing: C:\Users\XKZ\Documents\VSCode Projects\CubeSetlistManager\dist\Cube Setlist Manager\_internal\_tcl_data\encoding\iso2022-jp.enc
   Compressing: C:\Users\XKZ\Documents\VSCode Projects\CubeSetlistManager\dist\Cube Setlist Manager\_internal\_tcl_data\encoding\iso2022-kr.enc
   Compressing: C:\Users\XKZ\Documents\VSCode Projects\CubeSetlistManager\dist\Cube Setlist Manager\_internal\_tcl_data\encoding\iso2022.enc
   Compressing: C:\Users\XKZ\Documents\VSCode Projects\CubeSetlistManager\dist\Cube Setlist Manager\_internal\_tcl_data\encoding\iso8859-1.enc
   Compressing: C:\Users\XKZ\Documents\VSCode Projects\CubeSetlistManager\dist\Cube Setlist Manager\_internal\_tcl_data\encoding\iso8859-10.enc
   Compressing: C:\Users\XKZ\Documents\VSCode Projects\CubeSetlistManager\dist\Cube Setlist Manager\_internal\_tcl_data\encoding\iso8859-11.enc
   Compressing: C:\Users\XKZ\Documents\VSCode Projects\CubeSetlistManager\dist\Cube Setlist Manager\_internal\_tcl_data\encoding\iso8859-13.enc
   Compressing: C:\Users\XKZ\Documents\VSCode Projects\CubeSetlistManager\dist\Cube Setlist Manager\_internal\_tcl_data\encoding\iso8859-14.enc
   Compressing: C:\Users\XKZ\Documents\VSCode Projects\CubeSetlistManager\dist\Cube Setlist Manager\_internal\_tcl_data\encoding\iso8859-15.enc
   Compressing: C:\Users\XKZ\Documents\VSCode Projects\CubeSetlistManager\dist\Cube Setlist Manager\_internal\_tcl_data\encoding\iso8859-16.enc
   Compressing: C:\Users\XKZ\Documents\VSCode Projects\CubeSetlistManager\dist\Cube Setlist Manager\_internal\_tcl_data\encoding\iso8859-2.enc
   Compressing: C:\Users\XKZ\Documents\VSCode Projects\CubeSetlistManager\dist\Cube Setlist Manager\_internal\_tcl_data\encoding\iso8859-3.enc
   Compressing: C:\Users\XKZ\Documents\VSCode Projects\CubeSetlistManager\dist\Cube Setlist Manager\_internal\_tcl_data\encoding\iso8859-4.enc
   Compressing: C:\Users\XKZ\Documents\VSCode Projects\CubeSetlistManager\dist\Cube Setlist Manager\_internal\_tcl_data\encoding\iso8859-5.enc
   Compressing: C:\Users\XKZ\Documents\VSCode Projects\CubeSetlistManager\dist\Cube Setlist Manager\_internal\_tcl_data\encoding\iso8859-6.enc
   Compressing: C:\Users\XKZ\Documents\VSCode Projects\CubeSetlistManager\dist\Cube Setlist Manager\_internal\_tcl_data\encoding\iso8859-7.enc
   Compressing: C:\Users\XKZ\Documents\VSCode Projects\CubeSetlistManager\dist\Cube Setlist Manager\_internal\_tcl_data\encoding\iso8859-8.enc
   Compressing: C:\Users\XKZ\Documents\VSCode Projects\CubeSetlistManager\dist\Cube Setlist Manager\_internal\_tcl_data\encoding\iso8859-9.enc
   Compressing: C:\Users\XKZ\Documents\VSCode Projects\CubeSetlistManager\dist\Cube Setlist Manager\_internal\_tcl_data\encoding\jis0201.enc
   Compressing: C:\Users\XKZ\Documents\VSCode Projects\CubeSetlistManager\dist\Cube Setlist Manager\_internal\_tcl_data\encoding\jis0208.enc
   Compressing: C:\Users\XKZ\Documents\VSCode Projects\CubeSetlistManager\dist\Cube Setlist Manager\_internal\_tcl_data\encoding\jis0212.enc
   Compressing: C:\Users\XKZ\Documents\VSCode Projects\CubeSetlistManager\dist\Cube Setlist Manager\_internal\_tcl_data\encoding\koi8-r.enc
   Compressing: C:\Users\XKZ\Documents\VSCode Projects\CubeSetlistManager\dist\Cube Setlist Manager\_internal\_tcl_data\encoding\koi8-ru.enc
   Compressing: C:\Users\XKZ\Documents\VSCode Projects\CubeSetlistManager\dist\Cube Setlist Manager\_internal\_tcl_data\encoding\koi8-t.enc
   Compressing: C:\Users\XKZ\Documents\VSCode Projects\CubeSetlistManager\dist\Cube Setlist Manager\_internal\_tcl_data\encoding\koi8-u.enc
   Compressing: C:\Users\XKZ\Documents\VSCode Projects\CubeSetlistManager\dist\Cube Setlist Manager\_internal\_tcl_data\encoding\ksc5601.enc
   Compressing: C:\Users\XKZ\Documents\VSCode Projects\CubeSetlistManager\dist\Cube Setlist Manager\_internal\_tcl_data\encoding\macCentEuro.enc
   Compressing: C:\Users\XKZ\Documents\VSCode Projects\CubeSetlistManager\dist\Cube Setlist Manager\_internal\_tcl_data\encoding\macCroatian.enc
   Compressing: C:\Users\XKZ\Documents\VSCode Projects\CubeSetlistManager\dist\Cube Setlist Manager\_internal\_tcl_data\encoding\macCyrillic.enc
   Compressing: C:\Users\XKZ\Documents\VSCode Projects\CubeSetlistManager\dist\Cube Setlist Manager\_internal\_tcl_data\encoding\macDingbats.enc
   Compressing: C:\Users\XKZ\Documents\VSCode Projects\CubeSetlistManager\dist\Cube Setlist Manager\_internal\_tcl_data\encoding\macGreek.enc
   Compressing: C:\Users\XKZ\Documents\VSCode Projects\CubeSetlistManager\dist\Cube Setlist Manager\_internal\_tcl_data\encoding\macIceland.enc
   Compressing: C:\Users\XKZ\Documents\VSCode Projects\CubeSetlistManager\dist\Cube Setlist Manager\_internal\_tcl_data\encoding\macJapan.enc
   Compressing: C:\Users\XKZ\Documents\VSCode Projects\CubeSetlistManager\dist\Cube Setlist Manager\_internal\_tcl_data\encoding\macRoman.enc
   Compressing: C:\Users\XKZ\Documents\VSCode Projects\CubeSetlistManager\dist\Cube Setlist Manager\_internal\_tcl_data\encoding\macRomania.enc
   Compressing: C:\Users\XKZ\Documents\VSCode Projects\CubeSetlistManager\dist\Cube Setlist Manager\_internal\_tcl_data\encoding\macThai.enc
   Compressing: C:\Users\XKZ\Documents\VSCode Projects\CubeSetlistManager\dist\Cube Setlist Manager\_internal\_tcl_data\encoding\macTurkish.enc
   Compressing: C:\Users\XKZ\Documents\VSCode Projects\CubeSetlistManager\dist\Cube Setlist Manager\_internal\_tcl_data\encoding\macUkraine.enc
   Compressing: C:\Users\XKZ\Documents\VSCode Projects\CubeSetlistManager\dist\Cube Setlist Manager\_internal\_tcl_data\encoding\shiftjis.enc
   Compressing: C:\Users\XKZ\Documents\VSCode Projects\CubeSetlistManager\dist\Cube Setlist Manager\_internal\_tcl_data\encoding\symbol.enc
   Compressing: C:\Users\XKZ\Documents\VSCode Projects\CubeSetlistManager\dist\Cube Setlist Manager\_internal\_tcl_data\encoding\tis-620.enc
   Compressing: C:\Users\XKZ\Documents\VSCode Projects\CubeSetlistManager\dist\Cube Setlist Manager\_internal\_tcl_data\http1.0\http.tcl
   Compressing: C:\Users\XKZ\Documents\VSCode Projects\CubeSetlistManager\dist\Cube Setlist Manager\_internal\_tcl_data\http1.0\pkgIndex.tcl
   Compressing: C:\Users\XKZ\Documents\VSCode Projects\CubeSetlistManager\dist\Cube Setlist Manager\_internal\_tcl_data\msgs\af.msg
   Compressing: C:\Users\XKZ\Documents\VSCode Projects\CubeSetlistManager\dist\Cube Setlist Manager\_internal\_tcl_data\msgs\af_za.msg
   Compressing: C:\Users\XKZ\Documents\VSCode Projects\CubeSetlistManager\dist\Cube Setlist Manager\_internal\_tcl_data\msgs\ar.msg
   Compressing: C:\Users\XKZ\Documents\VSCode Projects\CubeSetlistManager\dist\Cube Setlist Manager\_internal\_tcl_data\msgs\ar_in.msg
   Compressing: C:\Users\XKZ\Documents\VSCode Projects\CubeSetlistManager\dist\Cube Setlist Manager\_internal\_tcl_data\msgs\ar_jo.msg
   Compressing: C:\Users\XKZ\Documents\VSCode Projects\CubeSetlistManager\dist\Cube Setlist Manager\_internal\_tcl_data\msgs\ar_lb.msg
   Compressing: C:\Users\XKZ\Documents\VSCode Projects\CubeSetlistManager\dist\Cube Setlist Manager\_internal\_tcl_data\msgs\ar_sy.msg
   Compressing: C:\Users\XKZ\Documents\VSCode Projects\CubeSetlistManager\dist\Cube Setlist Manager\_internal\_tcl_data\msgs\be.msg
   Compressing: C:\Users\XKZ\Documents\VSCode Projects\CubeSetlistManager\dist\Cube Setlist Manager\_internal\_tcl_data\msgs\bg.msg
   Compressing: C:\Users\XKZ\Documents\VSCode Projects\CubeSetlistManager\dist\Cube Setlist Manager\_internal\_tcl_data\msgs\bn.msg
   Compressing: C:\Users\XKZ\Documents\VSCode Projects\CubeSetlistManager\dist\Cube Setlist Manager\_internal\_tcl_data\msgs\bn_in.msg
   Compressing: C:\Users\XKZ\Documents\VSCode Projects\CubeSetlistManager\dist\Cube Setlist Manager\_internal\_tcl_data\msgs\ca.msg
   Compressing: C:\Users\XKZ\Documents\VSCode Projects\CubeSetlistManager\dist\Cube Setlist Manager\_internal\_tcl_data\msgs\cs.msg
   Compressing: C:\Users\XKZ\Documents\VSCode Projects\CubeSetlistManager\dist\Cube Setlist Manager\_internal\_tcl_data\msgs\da.msg
   Compressing: C:\Users\XKZ\Documents\VSCode Projects\CubeSetlistManager\dist\Cube Setlist Manager\_internal\_tcl_data\msgs\de.msg
   Compressing: C:\Users\XKZ\Documents\VSCode Projects\CubeSetlistManager\dist\Cube Setlist Manager\_internal\_tcl_data\msgs\de_at.msg
   Compressing: C:\Users\XKZ\Documents\VSCode Projects\CubeSetlistManager\dist\Cube Setlist Manager\_internal\_tcl_data\msgs\de_be.msg
   Compressing: C:\Users\XKZ\Documents\VSCode Projects\CubeSetlistManager\dist\Cube Setlist Manager\_internal\_tcl_data\msgs\el.msg
   Compressing: C:\Users\XKZ\Documents\VSCode Projects\CubeSetlistManager\dist\Cube Setlist Manager\_internal\_tcl_data\msgs\en_au.msg
   Compressing: C:\Users\XKZ\Documents\VSCode Projects\CubeSetlistManager\dist\Cube Setlist Manager\_internal\_tcl_data\msgs\en_be.msg
   Compressing: C:\Users\XKZ\Documents\VSCode Projects\CubeSetlistManager\dist\Cube Setlist Manager\_internal\_tcl_data\msgs\en_bw.msg
   Compressing: C:\Users\XKZ\Documents\VSCode Projects\CubeSetlistManager\dist\Cube Setlist Manager\_internal\_tcl_data\msgs\en_ca.msg
   Compressing: C:\Users\XKZ\Documents\VSCode Projects\CubeSetlistManager\dist\Cube Setlist Manager\_internal\_tcl_data\msgs\en_gb.msg
   Compressing: C:\Users\XKZ\Documents\VSCode Projects\CubeSetlistManager\dist\Cube Setlist Manager\_internal\_tcl_data\msgs\en_hk.msg
   Compressing: C:\Users\XKZ\Documents\VSCode Projects\CubeSetlistManager\dist\Cube Setlist Manager\_internal\_tcl_data\msgs\en_ie.msg
   Compressing: C:\Users\XKZ\Documents\VSCode Projects\CubeSetlistManager\dist\Cube Setlist Manager\_internal\_tcl_data\msgs\en_in.msg
   Compressing: C:\Users\XKZ\Documents\VSCode Projects\CubeSetlistManager\dist\Cube Setlist Manager\_internal\_tcl_data\msgs\en_nz.msg
   Compressing: C:\Users\XKZ\Documents\VSCode Projects\CubeSetlistManager\dist\Cube Setlist Manager\_internal\_tcl_data\msgs\en_ph.msg
   Compressing: C:\Users\XKZ\Documents\VSCode Projects\CubeSetlistManager\dist\Cube Setlist Manager\_internal\_tcl_data\msgs\en_sg.msg
   Compressing: C:\Users\XKZ\Documents\VSCode Projects\CubeSetlistManager\dist\Cube Setlist Manager\_internal\_tcl_data\msgs\en_za.msg
   Compressing: C:\Users\XKZ\Documents\VSCode Projects\CubeSetlistManager\dist\Cube Setlist Manager\_internal\_tcl_data\msgs\en_zw.msg
   Compressing: C:\Users\XKZ\Documents\VSCode Projects\CubeSetlistManager\dist\Cube Setlist Manager\_internal\_tcl_data\msgs\eo.msg
   Compressing: C:\Users\XKZ\Documents\VSCode Projects\CubeSetlistManager\dist\Cube Setlist Manager\_internal\_tcl_data\msgs\es.msg
   Compressing: C:\Users\XKZ\Documents\VSCode Projects\CubeSetlistManager\dist\Cube Setlist Manager\_internal\_tcl_data\msgs\es_ar.msg
   Compressing: C:\Users\XKZ\Documents\VSCode Projects\CubeSetlistManager\dist\Cube Setlist Manager\_internal\_tcl_data\msgs\es_bo.msg
   Compressing: C:\Users\XKZ\Documents\VSCode Projects\CubeSetlistManager\dist\Cube Setlist Manager\_internal\_tcl_data\msgs\es_cl.msg
   Compressing: C:\Users\XKZ\Documents\VSCode Projects\CubeSetlistManager\dist\Cube Setlist Manager\_internal\_tcl_data\msgs\es_co.msg
   Compressing: C:\Users\XKZ\Documents\VSCode Projects\CubeSetlistManager\dist\Cube Setlist Manager\_internal\_tcl_data\msgs\es_cr.msg
   Compressing: C:\Users\XKZ\Documents\VSCode Projects\CubeSetlistManager\dist\Cube Setlist Manager\_internal\_tcl_data\msgs\es_do.msg
   Compressing: C:\Users\XKZ\Documents\VSCode Projects\CubeSetlistManager\dist\Cube Setlist Manager\_internal\_tcl_data\msgs\es_ec.msg
   Compressing: C:\Users\XKZ\Documents\VSCode Projects\CubeSetlistManager\dist\Cube Setlist Manager\_internal\_tcl_data\msgs\es_gt.msg
   Compressing: C:\Users\XKZ\Documents\VSCode Projects\CubeSetlistManager\dist\Cube Setlist Manager\_internal\_tcl_data\msgs\es_hn.msg
   Compressing: C:\Users\XKZ\Documents\VSCode Projects\CubeSetlistManager\dist\Cube Setlist Manager\_internal\_tcl_data\msgs\es_mx.msg
   Compressing: C:\Users\XKZ\Documents\VSCode Projects\CubeSetlistManager\dist\Cube Setlist Manager\_internal\_tcl_data\msgs\es_ni.msg
   Compressing: C:\Users\XKZ\Documents\VSCode Projects\CubeSetlistManager\dist\Cube Setlist Manager\_internal\_tcl_data\msgs\es_pa.msg
   Compressing: C:\Users\XKZ\Documents\VSCode Projects\CubeSetlistManager\dist\Cube Setlist Manager\_internal\_tcl_data\msgs\es_pe.msg
   Compressing: C:\Users\XKZ\Documents\VSCode Projects\CubeSetlistManager\dist\Cube Setlist Manager\_internal\_tcl_data\msgs\es_pr.msg
   Compressing: C:\Users\XKZ\Documents\VSCode Projects\CubeSetlistManager\dist\Cube Setlist Manager\_internal\_tcl_data\msgs\es_py.msg
   Compressing: C:\Users\XKZ\Documents\VSCode Projects\CubeSetlistManager\dist\Cube Setlist Manager\_internal\_tcl_data\msgs\es_sv.msg
   Compressing: C:\Users\XKZ\Documents\VSCode Projects\CubeSetlistManager\dist\Cube Setlist Manager\_internal\_tcl_data\msgs\es_uy.msg
   Compressing: C:\Users\XKZ\Documents\VSCode Projects\CubeSetlistManager\dist\Cube Setlist Manager\_internal\_tcl_data\msgs\es_ve.msg
   Compressing: C:\Users\XKZ\Documents\VSCode Projects\CubeSetlistManager\dist\Cube Setlist Manager\_internal\_tcl_data\msgs\et.msg
   Compressing: C:\Users\XKZ\Documents\VSCode Projects\CubeSetlistManager\dist\Cube Setlist Manager\_internal\_tcl_data\msgs\eu.msg
   Compressing: C:\Users\XKZ\Documents\VSCode Projects\CubeSetlistManager\dist\Cube Setlist Manager\_internal\_tcl_data\msgs\eu_es.msg
   Compressing: C:\Users\XKZ\Documents\VSCode Projects\CubeSetlistManager\dist\Cube Setlist Manager\_internal\_tcl_data\msgs\fa.msg
   Compressing: C:\Users\XKZ\Documents\VSCode Projects\CubeSetlistManager\dist\Cube Setlist Manager\_internal\_tcl_data\msgs\fa_in.msg
   Compressing: C:\Users\XKZ\Documents\VSCode Projects\CubeSetlistManager\dist\Cube Setlist Manager\_internal\_tcl_data\msgs\fa_ir.msg
   Compressing: C:\Users\XKZ\Documents\VSCode Projects\CubeSetlistManager\dist\Cube Setlist Manager\_internal\_tcl_data\msgs\fi.msg
   Compressing: C:\Users\XKZ\Documents\VSCode Projects\CubeSetlistManager\dist\Cube Setlist Manager\_internal\_tcl_data\msgs\fo.msg
   Compressing: C:\Users\XKZ\Documents\VSCode Projects\CubeSetlistManager\dist\Cube Setlist Manager\_internal\_tcl_data\msgs\fo_fo.msg
   Compressing: C:\Users\XKZ\Documents\VSCode Projects\CubeSetlistManager\dist\Cube Setlist Manager\_internal\_tcl_data\msgs\fr.msg
   Compressing: C:\Users\XKZ\Documents\VSCode Projects\CubeSetlistManager\dist\Cube Setlist Manager\_internal\_tcl_data\msgs\fr_be.msg
   Compressing: C:\Users\XKZ\Documents\VSCode Projects\CubeSetlistManager\dist\Cube Setlist Manager\_internal\_tcl_data\msgs\fr_ca.msg
   Compressing: C:\Users\XKZ\Documents\VSCode Projects\CubeSetlistManager\dist\Cube Setlist Manager\_internal\_tcl_data\msgs\fr_ch.msg
   Compressing: C:\Users\XKZ\Documents\VSCode Projects\CubeSetlistManager\dist\Cube Setlist Manager\_internal\_tcl_data\msgs\ga.msg
   Compressing: C:\Users\XKZ\Documents\VSCode Projects\CubeSetlistManager\dist\Cube Setlist Manager\_internal\_tcl_data\msgs\ga_ie.msg
   Compressing: C:\Users\XKZ\Documents\VSCode Projects\CubeSetlistManager\dist\Cube Setlist Manager\_internal\_tcl_data\msgs\gl.msg
   Compressing: C:\Users\XKZ\Documents\VSCode Projects\CubeSetlistManager\dist\Cube Setlist Manager\_internal\_tcl_data\msgs\gl_es.msg
   Compressing: C:\Users\XKZ\Documents\VSCode Projects\CubeSetlistManager\dist\Cube Setlist Manager\_internal\_tcl_data\msgs\gv.msg
   Compressing: C:\Users\XKZ\Documents\VSCode Projects\CubeSetlistManager\dist\Cube Setlist Manager\_internal\_tcl_data\msgs\gv_gb.msg
   Compressing: C:\Users\XKZ\Documents\VSCode Projects\CubeSetlistManager\dist\Cube Setlist Manager\_internal\_tcl_data\msgs\he.msg
   Compressing: C:\Users\XKZ\Documents\VSCode Projects\CubeSetlistManager\dist\Cube Setlist Manager\_internal\_tcl_data\msgs\hi.msg
   Compressing: C:\Users\XKZ\Documents\VSCode Projects\CubeSetlistManager\dist\Cube Setlist Manager\_internal\_tcl_data\msgs\hi_in.msg
   Compressing: C:\Users\XKZ\Documents\VSCode Projects\CubeSetlistManager\dist\Cube Setlist Manager\_internal\_tcl_data\msgs\hr.msg
   Compressing: C:\Users\XKZ\Documents\VSCode Projects\CubeSetlistManager\dist\Cube Setlist Manager\_internal\_tcl_data\msgs\hu.msg
   Compressing: C:\Users\XKZ\Documents\VSCode Projects\CubeSetlistManager\dist\Cube Setlist Manager\_internal\_tcl_data\msgs\id.msg
   Compressing: C:\Users\XKZ\Documents\VSCode Projects\CubeSetlistManager\dist\Cube Setlist Manager\_internal\_tcl_data\msgs\id_id.msg
   Compressing: C:\Users\XKZ\Documents\VSCode Projects\CubeSetlistManager\dist\Cube Setlist Manager\_internal\_tcl_data\msgs\is.msg
   Compressing: C:\Users\XKZ\Documents\VSCode Projects\CubeSetlistManager\dist\Cube Setlist Manager\_internal\_tcl_data\msgs\it.msg
   Compressing: C:\Users\XKZ\Documents\VSCode Projects\CubeSetlistManager\dist\Cube Setlist Manager\_internal\_tcl_data\msgs\it_ch.msg
   Compressing: C:\Users\XKZ\Documents\VSCode Projects\CubeSetlistManager\dist\Cube Setlist Manager\_internal\_tcl_data\msgs\ja.msg
   Compressing: C:\Users\XKZ\Documents\VSCode Projects\CubeSetlistManager\dist\Cube Setlist Manager\_internal\_tcl_data\msgs\kl.msg
   Compressing: C:\Users\XKZ\Documents\VSCode Projects\CubeSetlistManager\dist\Cube Setlist Manager\_internal\_tcl_data\msgs\kl_gl.msg
   Compressing: C:\Users\XKZ\Documents\VSCode Projects\CubeSetlistManager\dist\Cube Setlist Manager\_internal\_tcl_data\msgs\ko.msg
   Compressing: C:\Users\XKZ\Documents\VSCode Projects\CubeSetlistManager\dist\Cube Setlist Manager\_internal\_tcl_data\msgs\kok.msg
   Compressing: C:\Users\XKZ\Documents\VSCode Projects\CubeSetlistManager\dist\Cube Setlist Manager\_internal\_tcl_data\msgs\kok_in.msg
   Compressing: C:\Users\XKZ\Documents\VSCode Projects\CubeSetlistManager\dist\Cube Setlist Manager\_internal\_tcl_data\msgs\ko_kr.msg
   Compressing: C:\Users\XKZ\Documents\VSCode Projects\CubeSetlistManager\dist\Cube Setlist Manager\_internal\_tcl_data\msgs\kw.msg
   Compressing: C:\Users\XKZ\Documents\VSCode Projects\CubeSetlistManager\dist\Cube Setlist Manager\_internal\_tcl_data\msgs\kw_gb.msg
   Compressing: C:\Users\XKZ\Documents\VSCode Projects\CubeSetlistManager\dist\Cube Setlist Manager\_internal\_tcl_data\msgs\lt.msg
   Compressing: C:\Users\XKZ\Documents\VSCode Projects\CubeSetlistManager\dist\Cube Setlist Manager\_internal\_tcl_data\msgs\lv.msg
   Compressing: C:\Users\XKZ\Documents\VSCode Projects\CubeSetlistManager\dist\Cube Setlist Manager\_internal\_tcl_data\msgs\mk.msg
   Compressing: C:\Users\XKZ\Documents\VSCode Projects\CubeSetlistManager\dist\Cube Setlist Manager\_internal\_tcl_data\msgs\mr.msg
   Compressing: C:\Users\XKZ\Documents\VSCode Projects\CubeSetlistManager\dist\Cube Setlist Manager\_internal\_tcl_data\msgs\mr_in.msg
   Compressing: C:\Users\XKZ\Documents\VSCode Projects\CubeSetlistManager\dist\Cube Setlist Manager\_internal\_tcl_data\msgs\ms.msg
   Compressing: C:\Users\XKZ\Documents\VSCode Projects\CubeSetlistManager\dist\Cube Setlist Manager\_internal\_tcl_data\msgs\ms_my.msg
   Compressing: C:\Users\XKZ\Documents\VSCode Projects\CubeSetlistManager\dist\Cube Setlist Manager\_internal\_tcl_data\msgs\mt.msg
   Compressing: C:\Users\XKZ\Documents\VSCode Projects\CubeSetlistManager\dist\Cube Setlist Manager\_internal\_tcl_data\msgs\nb.msg
   Compressing: C:\Users\XKZ\Documents\VSCode Projects\CubeSetlistManager\dist\Cube Setlist Manager\_internal\_tcl_data\msgs\nl.msg
   Compressing: C:\Users\XKZ\Documents\VSCode Projects\CubeSetlistManager\dist\Cube Setlist Manager\_internal\_tcl_data\msgs\nl_be.msg
   Compressing: C:\Users\XKZ\Documents\VSCode Projects\CubeSetlistManager\dist\Cube Setlist Manager\_internal\_tcl_data\msgs\nn.msg
   Compressing: C:\Users\XKZ\Documents\VSCode Projects\CubeSetlistManager\dist\Cube Setlist Manager\_internal\_tcl_data\msgs\pl.msg
   Compressing: C:\Users\XKZ\Documents\VSCode Projects\CubeSetlistManager\dist\Cube Setlist Manager\_internal\_tcl_data\msgs\pt.msg
   Compressing: C:\Users\XKZ\Documents\VSCode Projects\CubeSetlistManager\dist\Cube Setlist Manager\_internal\_tcl_data\msgs\pt_br.msg
   Compressing: C:\Users\XKZ\Documents\VSCode Projects\CubeSetlistManager\dist\Cube Setlist Manager\_internal\_tcl_data\msgs\ro.msg
   Compressing: C:\Users\XKZ\Documents\VSCode Projects\CubeSetlistManager\dist\Cube Setlist Manager\_internal\_tcl_data\msgs\ru.msg
   Compressing: C:\Users\XKZ\Documents\VSCode Projects\CubeSetlistManager\dist\Cube Setlist Manager\_internal\_tcl_data\msgs\ru_ua.msg
   Compressing: C:\Users\XKZ\Documents\VSCode Projects\CubeSetlistManager\dist\Cube Setlist Manager\_internal\_tcl_data\msgs\sh.msg
   Compressing: C:\Users\XKZ\Documents\VSCode Projects\CubeSetlistManager\dist\Cube Setlist Manager\_internal\_tcl_data\msgs\sk.msg
   Compressing: C:\Users\XKZ\Documents\VSCode Projects\CubeSetlistManager\dist\Cube Setlist Manager\_internal\_tcl_data\msgs\sl.msg
   Compressing: C:\Users\XKZ\Documents\VSCode Projects\CubeSetlistManager\dist\Cube Setlist Manager\_internal\_tcl_data\msgs\sq.msg
   Compressing: C:\Users\XKZ\Documents\VSCode Projects\CubeSetlistManager\dist\Cube Setlist Manager\_internal\_tcl_data\msgs\sr.msg
   Compressing: C:\Users\XKZ\Documents\VSCode Projects\CubeSetlistManager\dist\Cube Setlist Manager\_internal\_tcl_data\msgs\sv.msg
   Compressing: C:\Users\XKZ\Documents\VSCode Projects\CubeSetlistManager\dist\Cube Setlist Manager\_internal\_tcl_data\msgs\sw.msg
   Compressing: C:\Users\XKZ\Documents\VSCode Projects\CubeSetlistManager\dist\Cube Setlist Manager\_internal\_tcl_data\msgs\ta.msg
   Compressing: C:\Users\XKZ\Documents\VSCode Projects\CubeSetlistManager\dist\Cube Setlist Manager\_internal\_tcl_data\msgs\ta_in.msg
   Compressing: C:\Users\XKZ\Documents\VSCode Projects\CubeSetlistManager\dist\Cube Setlist Manager\_internal\_tcl_data\msgs\te.msg
   Compressing: C:\Users\XKZ\Documents\VSCode Projects\CubeSetlistManager\dist\Cube Setlist Manager\_internal\_tcl_data\msgs\te_in.msg
   Compressing: C:\Users\XKZ\Documents\VSCode Projects\CubeSetlistManager\dist\Cube Setlist Manager\_internal\_tcl_data\msgs\th.msg
   Compressing: C:\Users\XKZ\Documents\VSCode Projects\CubeSetlistManager\dist\Cube Setlist Manager\_internal\_tcl_data\msgs\tr.msg
   Compressing: C:\Users\XKZ\Documents\VSCode Projects\CubeSetlistManager\dist\Cube Setlist Manager\_internal\_tcl_data\msgs\uk.msg
   Compressing: C:\Users\XKZ\Documents\VSCode Projects\CubeSetlistManager\dist\Cube Setlist Manager\_internal\_tcl_data\msgs\vi.msg
   Compressing: C:\Users\XKZ\Documents\VSCode Projects\CubeSetlistManager\dist\Cube Setlist Manager\_internal\_tcl_data\msgs\zh.msg
   Compressing: C:\Users\XKZ\Documents\VSCode Projects\CubeSetlistManager\dist\Cube Setlist Manager\_internal\_tcl_data\msgs\zh_cn.msg
   Compressing: C:\Users\XKZ\Documents\VSCode Projects\CubeSetlistManager\dist\Cube Setlist Manager\_internal\_tcl_data\msgs\zh_hk.msg
   Compressing: C:\Users\XKZ\Documents\VSCode Projects\CubeSetlistManager\dist\Cube Setlist Manager\_internal\_tcl_data\msgs\zh_sg.msg
   Compressing: C:\Users\XKZ\Documents\VSCode Projects\CubeSetlistManager\dist\Cube Setlist Manager\_internal\_tcl_data\msgs\zh_tw.msg
   Compressing: C:\Users\XKZ\Documents\VSCode Projects\CubeSetlistManager\dist\Cube Setlist Manager\_internal\_tcl_data\opt0.4\optparse.tcl
   Compressing: C:\Users\XKZ\Documents\VSCode Projects\CubeSetlistManager\dist\Cube Setlist Manager\_internal\_tcl_data\opt0.4\pkgIndex.tcl
   Compressing: C:\Users\XKZ\Documents\VSCode Projects\CubeSetlistManager\dist\Cube Setlist Manager\_internal\_tcl_data\tzdata\CET
   Compressing: C:\Users\XKZ\Documents\VSCode Projects\CubeSetlistManager\dist\Cube Setlist Manager\_internal\_tcl_data\tzdata\CST6CDT
   Compressing: C:\Users\XKZ\Documents\VSCode Projects\CubeSetlistManager\dist\Cube Setlist Manager\_internal\_tcl_data\tzdata\Cuba
   Compressing: C:\Users\XKZ\Documents\VSCode Projects\CubeSetlistManager\dist\Cube Setlist Manager\_internal\_tcl_data\tzdata\EET
   Compressing: C:\Users\XKZ\Documents\VSCode Projects\CubeSetlistManager\dist\Cube Setlist Manager\_internal\_tcl_data\tzdata\Egypt
   Compressing: C:\Users\XKZ\Documents\VSCode Projects\CubeSetlistManager\dist\Cube Setlist Manager\_internal\_tcl_data\tzdata\Eire
   Compressing: C:\Users\XKZ\Documents\VSCode Projects\CubeSetlistManager\dist\Cube Setlist Manager\_internal\_tcl_data\tzdata\EST
   Compressing: C:\Users\XKZ\Documents\VSCode Projects\CubeSetlistManager\dist\Cube Setlist Manager\_internal\_tcl_data\tzdata\EST5EDT
   Compressing: C:\Users\XKZ\Documents\VSCode Projects\CubeSetlistManager\dist\Cube Setlist Manager\_internal\_tcl_data\tzdata\GB
   Compressing: C:\Users\XKZ\Documents\VSCode Projects\CubeSetlistManager\dist\Cube Setlist Manager\_internal\_tcl_data\tzdata\GB-Eire
   Compressing: C:\Users\XKZ\Documents\VSCode Projects\CubeSetlistManager\dist\Cube Setlist Manager\_internal\_tcl_data\tzdata\GMT
   Compressing: C:\Users\XKZ\Documents\VSCode Projects\CubeSetlistManager\dist\Cube Setlist Manager\_internal\_tcl_data\tzdata\GMT+0
   Compressing: C:\Users\XKZ\Documents\VSCode Projects\CubeSetlistManager\dist\Cube Setlist Manager\_internal\_tcl_data\tzdata\GMT-0
   Compressing: C:\Users\XKZ\Documents\VSCode Projects\CubeSetlistManager\dist\Cube Setlist Manager\_internal\_tcl_data\tzdata\GMT0
   Compressing: C:\Users\XKZ\Documents\VSCode Projects\CubeSetlistManager\dist\Cube Setlist Manager\_internal\_tcl_data\tzdata\Greenwich
   Compressing: C:\Users\XKZ\Documents\VSCode Projects\CubeSetlistManager\dist\Cube Setlist Manager\_internal\_tcl_data\tzdata\Hongkong
   Compressing: C:\Users\XKZ\Documents\VSCode Projects\CubeSetlistManager\dist\Cube Setlist Manager\_internal\_tcl_data\tzdata\HST
   Compressing: C:\Users\XKZ\Documents\VSCode Projects\CubeSetlistManager\dist\Cube Setlist Manager\_internal\_tcl_data\tzdata\Iceland
   Compressing: C:\Users\XKZ\Documents\VSCode Projects\CubeSetlistManager\dist\Cube Setlist Manager\_internal\_tcl_data\tzdata\Iran
   Compressing: C:\Users\XKZ\Documents\VSCode Projects\CubeSetlistManager\dist\Cube Setlist Manager\_internal\_tcl_data\tzdata\Israel
   Compressing: C:\Users\XKZ\Documents\VSCode Projects\CubeSetlistManager\dist\Cube Setlist Manager\_internal\_tcl_data\tzdata\Jamaica
   Compressing: C:\Users\XKZ\Documents\VSCode Projects\CubeSetlistManager\dist\Cube Setlist Manager\_internal\_tcl_data\tzdata\Japan
   Compressing: C:\Users\XKZ\Documents\VSCode Projects\CubeSetlistManager\dist\Cube Setlist Manager\_internal\_tcl_data\tzdata\Kwajalein
   Compressing: C:\Users\XKZ\Documents\VSCode Projects\CubeSetlistManager\dist\Cube Setlist Manager\_internal\_tcl_data\tzdata\Libya
   Compressing: C:\Users\XKZ\Documents\VSCode Projects\CubeSetlistManager\dist\Cube Setlist Manager\_internal\_tcl_data\tzdata\MET
   Compressing: C:\Users\XKZ\Documents\VSCode Projects\CubeSetlistManager\dist\Cube Setlist Manager\_internal\_tcl_data\tzdata\MST
   Compressing: C:\Users\XKZ\Documents\VSCode Projects\CubeSetlistManager\dist\Cube Setlist Manager\_internal\_tcl_data\tzdata\MST7MDT
   Compressing: C:\Users\XKZ\Documents\VSCode Projects\CubeSetlistManager\dist\Cube Setlist Manager\_internal\_tcl_data\tzdata\Navajo
   Compressing: C:\Users\XKZ\Documents\VSCode Projects\CubeSetlistManager\dist\Cube Setlist Manager\_internal\_tcl_data\tzdata\NZ
   Compressing: C:\Users\XKZ\Documents\VSCode Projects\CubeSetlistManager\dist\Cube Setlist Manager\_internal\_tcl_data\tzdata\NZ-CHAT
   Compressing: C:\Users\XKZ\Documents\VSCode Projects\CubeSetlistManager\dist\Cube Setlist Manager\_internal\_tcl_data\tzdata\Poland
   Compressing: C:\Users\XKZ\Documents\VSCode Projects\CubeSetlistManager\dist\Cube Setlist Manager\_internal\_tcl_data\tzdata\Portugal
   Compressing: C:\Users\XKZ\Documents\VSCode Projects\CubeSetlistManager\dist\Cube Setlist Manager\_internal\_tcl_data\tzdata\PRC
   Compressing: C:\Users\XKZ\Documents\VSCode Projects\CubeSetlistManager\dist\Cube Setlist Manager\_internal\_tcl_data\tzdata\PST8PDT
   Compressing: C:\Users\XKZ\Documents\VSCode Projects\CubeSetlistManager\dist\Cube Setlist Manager\_internal\_tcl_data\tzdata\ROC
   Compressing: C:\Users\XKZ\Documents\VSCode Projects\CubeSetlistManager\dist\Cube Setlist Manager\_internal\_tcl_data\tzdata\ROK
   Compressing: C:\Users\XKZ\Documents\VSCode Projects\CubeSetlistManager\dist\Cube Setlist Manager\_internal\_tcl_data\tzdata\Singapore
   Compressing: C:\Users\XKZ\Documents\VSCode Projects\CubeSetlistManager\dist\Cube Setlist Manager\_internal\_tcl_data\tzdata\Turkey
   Compressing: C:\Users\XKZ\Documents\VSCode Projects\CubeSetlistManager\dist\Cube Setlist Manager\_internal\_tcl_data\tzdata\UCT
   Compressing: C:\Users\XKZ\Documents\VSCode Projects\CubeSetlistManager\dist\Cube Setlist Manager\_internal\_tcl_data\tzdata\Universal
   Compressing: C:\Users\XKZ\Documents\VSCode Projects\CubeSetlistManager\dist\Cube Setlist Manager\_internal\_tcl_data\tzdata\UTC
   Compressing: C:\Users\XKZ\Documents\VSCode Projects\CubeSetlistManager\dist\Cube Setlist Manager\_internal\_tcl_data\tzdata\W-SU
   Compressing: C:\Users\XKZ\Documents\VSCode Projects\CubeSetlistManager\dist\Cube Setlist Manager\_internal\_tcl_data\tzdata\WET
   Compressing: C:\Users\XKZ\Documents\VSCode Projects\CubeSetlistManager\dist\Cube Setlist Manager\_internal\_tcl_data\tzdata\Zulu
   Compressing: C:\Users\XKZ\Documents\VSCode Projects\CubeSetlistManager\dist\Cube Setlist Manager\_internal\_tcl_data\tzdata\Africa\Abidjan
   Compressing: C:\Users\XKZ\Documents\VSCode Projects\CubeSetlistManager\dist\Cube Setlist Manager\_internal\_tcl_data\tzdata\Africa\Accra
   Compressing: C:\Users\XKZ\Documents\VSCode Projects\CubeSetlistManager\dist\Cube Setlist Manager\_internal\_tcl_data\tzdata\Africa\Addis_Ababa
   Compressing: C:\Users\XKZ\Documents\VSCode Projects\CubeSetlistManager\dist\Cube Setlist Manager\_internal\_tcl_data\tzdata\Africa\Algiers
   Compressing: C:\Users\XKZ\Documents\VSCode Projects\CubeSetlistManager\dist\Cube Setlist Manager\_internal\_tcl_data\tzdata\Africa\Asmara
   Compressing: C:\Users\XKZ\Documents\VSCode Projects\CubeSetlistManager\dist\Cube Setlist Manager\_internal\_tcl_data\tzdata\Africa\Asmera
   Compressing: C:\Users\XKZ\Documents\VSCode Projects\CubeSetlistManager\dist\Cube Setlist Manager\_internal\_tcl_data\tzdata\Africa\Bamako
   Compressing: C:\Users\XKZ\Documents\VSCode Projects\CubeSetlistManager\dist\Cube Setlist Manager\_internal\_tcl_data\tzdata\Africa\Bangui
   Compressing: C:\Users\XKZ\Documents\VSCode Projects\CubeSetlistManager\dist\Cube Setlist Manager\_internal\_tcl_data\tzdata\Africa\Banjul
   Compressing: C:\Users\XKZ\Documents\VSCode Projects\CubeSetlistManager\dist\Cube Setlist Manager\_internal\_tcl_data\tzdata\Africa\Bissau
   Compressing: C:\Users\XKZ\Documents\VSCode Projects\CubeSetlistManager\dist\Cube Setlist Manager\_internal\_tcl_data\tzdata\Africa\Blantyre
   Compressing: C:\Users\XKZ\Documents\VSCode Projects\CubeSetlistManager\dist\Cube Setlist Manager\_internal\_tcl_data\tzdata\Africa\Brazzaville
   Compressing: C:\Users\XKZ\Documents\VSCode Projects\CubeSetlistManager\dist\Cube Setlist Manager\_internal\_tcl_data\tzdata\Africa\Bujumbura
   Compressing: C:\Users\XKZ\Documents\VSCode Projects\CubeSetlistManager\dist\Cube Setlist Manager\_internal\_tcl_data\tzdata\Africa\Cairo
   Compressing: C:\Users\XKZ\Documents\VSCode Projects\CubeSetlistManager\dist\Cube Setlist Manager\_internal\_tcl_data\tzdata\Africa\Casablanca
   Compressing: C:\Users\XKZ\Documents\VSCode Projects\CubeSetlistManager\dist\Cube Setlist Manager\_internal\_tcl_data\tzdata\Africa\Ceuta
   Compressing: C:\Users\XKZ\Documents\VSCode Projects\CubeSetlistManager\dist\Cube Setlist Manager\_internal\_tcl_data\tzdata\Africa\Conakry
   Compressing: C:\Users\XKZ\Documents\VSCode Projects\CubeSetlistManager\dist\Cube Setlist Manager\_internal\_tcl_data\tzdata\Africa\Dakar
   Compressing: C:\Users\XKZ\Documents\VSCode Projects\CubeSetlistManager\dist\Cube Setlist Manager\_internal\_tcl_data\tzdata\Africa\Dar_es_Salaam
   Compressing: C:\Users\XKZ\Documents\VSCode Projects\CubeSetlistManager\dist\Cube Setlist Manager\_internal\_tcl_data\tzdata\Africa\Djibouti
   Compressing: C:\Users\XKZ\Documents\VSCode Projects\CubeSetlistManager\dist\Cube Setlist Manager\_internal\_tcl_data\tzdata\Africa\Douala
   Compressing: C:\Users\XKZ\Documents\VSCode Projects\CubeSetlistManager\dist\Cube Setlist Manager\_internal\_tcl_data\tzdata\Africa\El_Aaiun
   Compressing: C:\Users\XKZ\Documents\VSCode Projects\CubeSetlistManager\dist\Cube Setlist Manager\_internal\_tcl_data\tzdata\Africa\Freetown
   Compressing: C:\Users\XKZ\Documents\VSCode Projects\CubeSetlistManager\dist\Cube Setlist Manager\_internal\_tcl_data\tzdata\Africa\Gaborone
   Compressing: C:\Users\XKZ\Documents\VSCode Projects\CubeSetlistManager\dist\Cube Setlist Manager\_internal\_tcl_data\tzdata\Africa\Harare
   Compressing: C:\Users\XKZ\Documents\VSCode Projects\CubeSetlistManager\dist\Cube Setlist Manager\_internal\_tcl_data\tzdata\Africa\Johannesburg
   Compressing: C:\Users\XKZ\Documents\VSCode Projects\CubeSetlistManager\dist\Cube Setlist Manager\_internal\_tcl_data\tzdata\Africa\Juba
   Compressing: C:\Users\XKZ\Documents\VSCode Projects\CubeSetlistManager\dist\Cube Setlist Manager\_internal\_tcl_data\tzdata\Africa\Kampala
   Compressing: C:\Users\XKZ\Documents\VSCode Projects\CubeSetlistManager\dist\Cube Setlist Manager\_internal\_tcl_data\tzdata\Africa\Khartoum
   Compressing: C:\Users\XKZ\Documents\VSCode Projects\CubeSetlistManager\dist\Cube Setlist Manager\_internal\_tcl_data\tzdata\Africa\Kigali
   Compressing: C:\Users\XKZ\Documents\VSCode Projects\CubeSetlistManager\dist\Cube Setlist Manager\_internal\_tcl_data\tzdata\Africa\Kinshasa
   Compressing: C:\Users\XKZ\Documents\VSCode Projects\CubeSetlistManager\dist\Cube Setlist Manager\_internal\_tcl_data\tzdata\Africa\Lagos
   Compressing: C:\Users\XKZ\Documents\VSCode Projects\CubeSetlistManager\dist\Cube Setlist Manager\_internal\_tcl_data\tzdata\Africa\Libreville
   Compressing: C:\Users\XKZ\Documents\VSCode Projects\CubeSetlistManager\dist\Cube Setlist Manager\_internal\_tcl_data\tzdata\Africa\Lome
   Compressing: C:\Users\XKZ\Documents\VSCode Projects\CubeSetlistManager\dist\Cube Setlist Manager\_internal\_tcl_data\tzdata\Africa\Luanda
   Compressing: C:\Users\XKZ\Documents\VSCode Projects\CubeSetlistManager\dist\Cube Setlist Manager\_internal\_tcl_data\tzdata\Africa\Lubumbashi
   Compressing: C:\Users\XKZ\Documents\VSCode Projects\CubeSetlistManager\dist\Cube Setlist Manager\_internal\_tcl_data\tzdata\Africa\Lusaka
   Compressing: C:\Users\XKZ\Documents\VSCode Projects\CubeSetlistManager\dist\Cube Setlist Manager\_internal\_tcl_data\tzdata\Africa\Malabo
   Compressing: C:\Users\XKZ\Documents\VSCode Projects\CubeSetlistManager\dist\Cube Setlist Manager\_internal\_tcl_data\tzdata\Africa\Maputo
   Compressing: C:\Users\XKZ\Documents\VSCode Projects\CubeSetlistManager\dist\Cube Setlist Manager\_internal\_tcl_data\tzdata\Africa\Maseru
   Compressing: C:\Users\XKZ\Documents\VSCode Projects\CubeSetlistManager\dist\Cube Setlist Manager\_internal\_tcl_data\tzdata\Africa\Mbabane
   Compressing: C:\Users\XKZ\Documents\VSCode Projects\CubeSetlistManager\dist\Cube Setlist Manager\_internal\_tcl_data\tzdata\Africa\Mogadishu
   Compressing: C:\Users\XKZ\Documents\VSCode Projects\CubeSetlistManager\dist\Cube Setlist Manager\_internal\_tcl_data\tzdata\Africa\Monrovia
   Compressing: C:\Users\XKZ\Documents\VSCode Projects\CubeSetlistManager\dist\Cube Setlist Manager\_internal\_tcl_data\tzdata\Africa\Nairobi
   Compressing: C:\Users\XKZ\Documents\VSCode Projects\CubeSetlistManager\dist\Cube Setlist Manager\_internal\_tcl_data\tzdata\Africa\Ndjamena
   Compressing: C:\Users\XKZ\Documents\VSCode Projects\CubeSetlistManager\dist\Cube Setlist Manager\_internal\_tcl_data\tzdata\Africa\Niamey
   Compressing: C:\Users\XKZ\Documents\VSCode Projects\CubeSetlistManager\dist\Cube Setlist Manager\_internal\_tcl_data\tzdata\Africa\Nouakchott
   Compressing: C:\Users\XKZ\Documents\VSCode Projects\CubeSetlistManager\dist\Cube Setlist Manager\_internal\_tcl_data\tzdata\Africa\Ouagadougou
   Compressing: C:\Users\XKZ\Documents\VSCode Projects\CubeSetlistManager\dist\Cube Setlist Manager\_internal\_tcl_data\tzdata\Africa\Porto-Novo
   Compressing: C:\Users\XKZ\Documents\VSCode Projects\CubeSetlistManager\dist\Cube Setlist Manager\_internal\_tcl_data\tzdata\Africa\Sao_Tome
   Compressing: C:\Users\XKZ\Documents\VSCode Projects\CubeSetlistManager\dist\Cube Setlist Manager\_internal\_tcl_data\tzdata\Africa\Timbuktu
   Compressing: C:\Users\XKZ\Documents\VSCode Projects\CubeSetlistManager\dist\Cube Setlist Manager\_internal\_tcl_data\tzdata\Africa\Tripoli
   Compressing: C:\Users\XKZ\Documents\VSCode Projects\CubeSetlistManager\dist\Cube Setlist Manager\_internal\_tcl_data\tzdata\Africa\Tunis
   Compressing: C:\Users\XKZ\Documents\VSCode Projects\CubeSetlistManager\dist\Cube Setlist Manager\_internal\_tcl_data\tzdata\Africa\Windhoek
   Compressing: C:\Users\XKZ\Documents\VSCode Projects\CubeSetlistManager\dist\Cube Setlist Manager\_internal\_tcl_data\tzdata\America\Adak
   Compressing: C:\Users\XKZ\Documents\VSCode Projects\CubeSetlistManager\dist\Cube Setlist Manager\_internal\_tcl_data\tzdata\America\Anchorage
   Compressing: C:\Users\XKZ\Documents\VSCode Projects\CubeSetlistManager\dist\Cube Setlist Manager\_internal\_tcl_data\tzdata\America\Anguilla
   Compressing: C:\Users\XKZ\Documents\VSCode Projects\CubeSetlistManager\dist\Cube Setlist Manager\_internal\_tcl_data\tzdata\America\Antigua
   Compressing: C:\Users\XKZ\Documents\VSCode Projects\CubeSetlistManager\dist\Cube Setlist Manager\_internal\_tcl_data\tzdata\America\Araguaina
   Compressing: C:\Users\XKZ\Documents\VSCode Projects\CubeSetlistManager\dist\Cube Setlist Manager\_internal\_tcl_data\tzdata\America\Aruba
   Compressing: C:\Users\XKZ\Documents\VSCode Projects\CubeSetlistManager\dist\Cube Setlist Manager\_internal\_tcl_data\tzdata\America\Asuncion
   Compressing: C:\Users\XKZ\Documents\VSCode Projects\CubeSetlistManager\dist\Cube Setlist Manager\_internal\_tcl_data\tzdata\America\Atikokan
   Compressing: C:\Users\XKZ\Documents\VSCode Projects\CubeSetlistManager\dist\Cube Setlist Manager\_internal\_tcl_data\tzdata\America\Atka
   Compressing: C:\Users\XKZ\Documents\VSCode Projects\CubeSetlistManager\dist\Cube Setlist Manager\_internal\_tcl_data\tzdata\America\Bahia
   Compressing: C:\Users\XKZ\Documents\VSCode Projects\CubeSetlistManager\dist\Cube Setlist Manager\_internal\_tcl_data\tzdata\America\Bahia_Banderas
   Compressing: C:\Users\XKZ\Documents\VSCode Projects\CubeSetlistManager\dist\Cube Setlist Manager\_internal\_tcl_data\tzdata\America\Barbados
   Compressing: C:\Users\XKZ\Documents\VSCode Projects\CubeSetlistManager\dist\Cube Setlist Manager\_internal\_tcl_data\tzdata\America\Belem
   Compressing: C:\Users\XKZ\Documents\VSCode Projects\CubeSetlistManager\dist\Cube Setlist Manager\_internal\_tcl_data\tzdata\America\Belize
   Compressing: C:\Users\XKZ\Documents\VSCode Projects\CubeSetlistManager\dist\Cube Setlist Manager\_internal\_tcl_data\tzdata\America\Blanc-Sablon
   Compressing: C:\Users\XKZ\Documents\VSCode Projects\CubeSetlistManager\dist\Cube Setlist Manager\_internal\_tcl_data\tzdata\America\Boa_Vista
   Compressing: C:\Users\XKZ\Documents\VSCode Projects\CubeSetlistManager\dist\Cube Setlist Manager\_internal\_tcl_data\tzdata\America\Bogota
   Compressing: C:\Users\XKZ\Documents\VSCode Projects\CubeSetlistManager\dist\Cube Setlist Manager\_internal\_tcl_data\tzdata\America\Boise
   Compressing: C:\Users\XKZ\Documents\VSCode Projects\CubeSetlistManager\dist\Cube Setlist Manager\_internal\_tcl_data\tzdata\America\Buenos_Aires
   Compressing: C:\Users\XKZ\Documents\VSCode Projects\CubeSetlistManager\dist\Cube Setlist Manager\_internal\_tcl_data\tzdata\America\Cambridge_Bay
   Compressing: C:\Users\XKZ\Documents\VSCode Projects\CubeSetlistManager\dist\Cube Setlist Manager\_internal\_tcl_data\tzdata\America\Campo_Grande
   Compressing: C:\Users\XKZ\Documents\VSCode Projects\CubeSetlistManager\dist\Cube Setlist Manager\_internal\_tcl_data\tzdata\America\Cancun
   Compressing: C:\Users\XKZ\Documents\VSCode Projects\CubeSetlistManager\dist\Cube Setlist Manager\_internal\_tcl_data\tzdata\America\Caracas
   Compressing: C:\Users\XKZ\Documents\VSCode Projects\CubeSetlistManager\dist\Cube Setlist Manager\_internal\_tcl_data\tzdata\America\Catamarca
   Compressing: C:\Users\XKZ\Documents\VSCode Projects\CubeSetlistManager\dist\Cube Setlist Manager\_internal\_tcl_data\tzdata\America\Cayenne
   Compressing: C:\Users\XKZ\Documents\VSCode Projects\CubeSetlistManager\dist\Cube Setlist Manager\_internal\_tcl_data\tzdata\America\Cayman
   Compressing: C:\Users\XKZ\Documents\VSCode Projects\CubeSetlistManager\dist\Cube Setlist Manager\_internal\_tcl_data\tzdata\America\Chicago
   Compressing: C:\Users\XKZ\Documents\VSCode Projects\CubeSetlistManager\dist\Cube Setlist Manager\_internal\_tcl_data\tzdata\America\Chihuahua
   Compressing: C:\Users\XKZ\Documents\VSCode Projects\CubeSetlistManager\dist\Cube Setlist Manager\_internal\_tcl_data\tzdata\America\Ciudad_Juarez
   Compressing: C:\Users\XKZ\Documents\VSCode Projects\CubeSetlistManager\dist\Cube Setlist Manager\_internal\_tcl_data\tzdata\America\Coral_Harbour
   Compressing: C:\Users\XKZ\Documents\VSCode Projects\CubeSetlistManager\dist\Cube Setlist Manager\_internal\_tcl_data\tzdata\America\Cordoba
   Compressing: C:\Users\XKZ\Documents\VSCode Projects\CubeSetlistManager\dist\Cube Setlist Manager\_internal\_tcl_data\tzdata\America\Costa_Rica
   Compressing: C:\Users\XKZ\Documents\VSCode Projects\CubeSetlistManager\dist\Cube Setlist Manager\_internal\_tcl_data\tzdata\America\Creston
   Compressing: C:\Users\XKZ\Documents\VSCode Projects\CubeSetlistManager\dist\Cube Setlist Manager\_internal\_tcl_data\tzdata\America\Cuiaba
   Compressing: C:\Users\XKZ\Documents\VSCode Projects\CubeSetlistManager\dist\Cube Setlist Manager\_internal\_tcl_data\tzdata\America\Curacao
   Compressing: C:\Users\XKZ\Documents\VSCode Projects\CubeSetlistManager\dist\Cube Setlist Manager\_internal\_tcl_data\tzdata\America\Danmarkshavn
   Compressing: C:\Users\XKZ\Documents\VSCode Projects\CubeSetlistManager\dist\Cube Setlist Manager\_internal\_tcl_data\tzdata\America\Dawson
   Compressing: C:\Users\XKZ\Documents\VSCode Projects\CubeSetlistManager\dist\Cube Setlist Manager\_internal\_tcl_data\tzdata\America\Dawson_Creek
   Compressing: C:\Users\XKZ\Documents\VSCode Projects\CubeSetlistManager\dist\Cube Setlist Manager\_internal\_tcl_data\tzdata\America\Denver
   Compressing: C:\Users\XKZ\Documents\VSCode Projects\CubeSetlistManager\dist\Cube Setlist Manager\_internal\_tcl_data\tzdata\America\Detroit
   Compressing: C:\Users\XKZ\Documents\VSCode Projects\CubeSetlistManager\dist\Cube Setlist Manager\_internal\_tcl_data\tzdata\America\Dominica
   Compressing: C:\Users\XKZ\Documents\VSCode Projects\CubeSetlistManager\dist\Cube Setlist Manager\_internal\_tcl_data\tzdata\America\Edmonton
   Compressing: C:\Users\XKZ\Documents\VSCode Projects\CubeSetlistManager\dist\Cube Setlist Manager\_internal\_tcl_data\tzdata\America\Eirunepe
   Compressing: C:\Users\XKZ\Documents\VSCode Projects\CubeSetlistManager\dist\Cube Setlist Manager\_internal\_tcl_data\tzdata\America\El_Salvador
   Compressing: C:\Users\XKZ\Documents\VSCode Projects\CubeSetlistManager\dist\Cube Setlist Manager\_internal\_tcl_data\tzdata\America\Ensenada
   Compressing: C:\Users\XKZ\Documents\VSCode Projects\CubeSetlistManager\dist\Cube Setlist Manager\_internal\_tcl_data\tzdata\America\Fortaleza
   Compressing: C:\Users\XKZ\Documents\VSCode Projects\CubeSetlistManager\dist\Cube Setlist Manager\_internal\_tcl_data\tzdata\America\Fort_Nelson
   Compressing: C:\Users\XKZ\Documents\VSCode Projects\CubeSetlistManager\dist\Cube Setlist Manager\_internal\_tcl_data\tzdata\America\Fort_Wayne
   Compressing: C:\Users\XKZ\Documents\VSCode Projects\CubeSetlistManager\dist\Cube Setlist Manager\_internal\_tcl_data\tzdata\America\Glace_Bay
   Compressing: C:\Users\XKZ\Documents\VSCode Projects\CubeSetlistManager\dist\Cube Setlist Manager\_internal\_tcl_data\tzdata\America\Godthab
   Compressing: C:\Users\XKZ\Documents\VSCode Projects\CubeSetlistManager\dist\Cube Setlist Manager\_internal\_tcl_data\tzdata\America\Goose_Bay
   Compressing: C:\Users\XKZ\Documents\VSCode Projects\CubeSetlistManager\dist\Cube Setlist Manager\_internal\_tcl_data\tzdata\America\Grand_Turk
   Compressing: C:\Users\XKZ\Documents\VSCode Projects\CubeSetlistManager\dist\Cube Setlist Manager\_internal\_tcl_data\tzdata\America\Grenada
   Compressing: C:\Users\XKZ\Documents\VSCode Projects\CubeSetlistManager\dist\Cube Setlist Manager\_internal\_tcl_data\tzdata\America\Guadeloupe
   Compressing: C:\Users\XKZ\Documents\VSCode Projects\CubeSetlistManager\dist\Cube Setlist Manager\_internal\_tcl_data\tzdata\America\Guatemala
   Compressing: C:\Users\XKZ\Documents\VSCode Projects\CubeSetlistManager\dist\Cube Setlist Manager\_internal\_tcl_data\tzdata\America\Guayaquil
   Compressing: C:\Users\XKZ\Documents\VSCode Projects\CubeSetlistManager\dist\Cube Setlist Manager\_internal\_tcl_data\tzdata\America\Guyana
   Compressing: C:\Users\XKZ\Documents\VSCode Projects\CubeSetlistManager\dist\Cube Setlist Manager\_internal\_tcl_data\tzdata\America\Halifax
   Compressing: C:\Users\XKZ\Documents\VSCode Projects\CubeSetlistManager\dist\Cube Setlist Manager\_internal\_tcl_data\tzdata\America\Havana
   Compressing: C:\Users\XKZ\Documents\VSCode Projects\CubeSetlistManager\dist\Cube Setlist Manager\_internal\_tcl_data\tzdata\America\Hermosillo
   Compressing: C:\Users\XKZ\Documents\VSCode Projects\CubeSetlistManager\dist\Cube Setlist Manager\_internal\_tcl_data\tzdata\America\Indianapolis
   Compressing: C:\Users\XKZ\Documents\VSCode Projects\CubeSetlistManager\dist\Cube Setlist Manager\_internal\_tcl_data\tzdata\America\Inuvik
   Compressing: C:\Users\XKZ\Documents\VSCode Projects\CubeSetlistManager\dist\Cube Setlist Manager\_internal\_tcl_data\tzdata\America\Iqaluit
   Compressing: C:\Users\XKZ\Documents\VSCode Projects\CubeSetlistManager\dist\Cube Setlist Manager\_internal\_tcl_data\tzdata\America\Jamaica
   Compressing: C:\Users\XKZ\Documents\VSCode Projects\CubeSetlistManager\dist\Cube Setlist Manager\_internal\_tcl_data\tzdata\America\Jujuy
   Compressing: C:\Users\XKZ\Documents\VSCode Projects\CubeSetlistManager\dist\Cube Setlist Manager\_internal\_tcl_data\tzdata\America\Juneau
   Compressing: C:\Users\XKZ\Documents\VSCode Projects\CubeSetlistManager\dist\Cube Setlist Manager\_internal\_tcl_data\tzdata\America\Knox_IN
   Compressing: C:\Users\XKZ\Documents\VSCode Projects\CubeSetlistManager\dist\Cube Setlist Manager\_internal\_tcl_data\tzdata\America\Kralendijk
   Compressing: C:\Users\XKZ\Documents\VSCode Projects\CubeSetlistManager\dist\Cube Setlist Manager\_internal\_tcl_data\tzdata\America\La_Paz
   Compressing: C:\Users\XKZ\Documents\VSCode Projects\CubeSetlistManager\dist\Cube Setlist Manager\_internal\_tcl_data\tzdata\America\Lima
   Compressing: C:\Users\XKZ\Documents\VSCode Projects\CubeSetlistManager\dist\Cube Setlist Manager\_internal\_tcl_data\tzdata\America\Los_Angeles
   Compressing: C:\Users\XKZ\Documents\VSCode Projects\CubeSetlistManager\dist\Cube Setlist Manager\_internal\_tcl_data\tzdata\America\Louisville
   Compressing: C:\Users\XKZ\Documents\VSCode Projects\CubeSetlistManager\dist\Cube Setlist Manager\_internal\_tcl_data\tzdata\America\Lower_Princes
   Compressing: C:\Users\XKZ\Documents\VSCode Projects\CubeSetlistManager\dist\Cube Setlist Manager\_internal\_tcl_data\tzdata\America\Maceio
   Compressing: C:\Users\XKZ\Documents\VSCode Projects\CubeSetlistManager\dist\Cube Setlist Manager\_internal\_tcl_data\tzdata\America\Managua
   Compressing: C:\Users\XKZ\Documents\VSCode Projects\CubeSetlistManager\dist\Cube Setlist Manager\_internal\_tcl_data\tzdata\America\Manaus
   Compressing: C:\Users\XKZ\Documents\VSCode Projects\CubeSetlistManager\dist\Cube Setlist Manager\_internal\_tcl_data\tzdata\America\Marigot
   Compressing: C:\Users\XKZ\Documents\VSCode Projects\CubeSetlistManager\dist\Cube Setlist Manager\_internal\_tcl_data\tzdata\America\Martinique
   Compressing: C:\Users\XKZ\Documents\VSCode Projects\CubeSetlistManager\dist\Cube Setlist Manager\_internal\_tcl_data\tzdata\America\Matamoros
   Compressing: C:\Users\XKZ\Documents\VSCode Projects\CubeSetlistManager\dist\Cube Setlist Manager\_internal\_tcl_data\tzdata\America\Mazatlan
   Compressing: C:\Users\XKZ\Documents\VSCode Projects\CubeSetlistManager\dist\Cube Setlist Manager\_internal\_tcl_data\tzdata\America\Mendoza
   Compressing: C:\Users\XKZ\Documents\VSCode Projects\CubeSetlistManager\dist\Cube Setlist Manager\_internal\_tcl_data\tzdata\America\Menominee
   Compressing: C:\Users\XKZ\Documents\VSCode Projects\CubeSetlistManager\dist\Cube Setlist Manager\_internal\_tcl_data\tzdata\America\Merida
   Compressing: C:\Users\XKZ\Documents\VSCode Projects\CubeSetlistManager\dist\Cube Setlist Manager\_internal\_tcl_data\tzdata\America\Metlakatla
   Compressing: C:\Users\XKZ\Documents\VSCode Projects\CubeSetlistManager\dist\Cube Setlist Manager\_internal\_tcl_data\tzdata\America\Mexico_City
   Compressing: C:\Users\XKZ\Documents\VSCode Projects\CubeSetlistManager\dist\Cube Setlist Manager\_internal\_tcl_data\tzdata\America\Miquelon
   Compressing: C:\Users\XKZ\Documents\VSCode Projects\CubeSetlistManager\dist\Cube Setlist Manager\_internal\_tcl_data\tzdata\America\Moncton
   Compressing: C:\Users\XKZ\Documents\VSCode Projects\CubeSetlistManager\dist\Cube Setlist Manager\_internal\_tcl_data\tzdata\America\Monterrey
   Compressing: C:\Users\XKZ\Documents\VSCode Projects\CubeSetlistManager\dist\Cube Setlist Manager\_internal\_tcl_data\tzdata\America\Montevideo
   Compressing: C:\Users\XKZ\Documents\VSCode Projects\CubeSetlistManager\dist\Cube Setlist Manager\_internal\_tcl_data\tzdata\America\Montreal
   Compressing: C:\Users\XKZ\Documents\VSCode Projects\CubeSetlistManager\dist\Cube Setlist Manager\_internal\_tcl_data\tzdata\America\Montserrat
   Compressing: C:\Users\XKZ\Documents\VSCode Projects\CubeSetlistManager\dist\Cube Setlist Manager\_internal\_tcl_data\tzdata\America\Nassau
   Compressing: C:\Users\XKZ\Documents\VSCode Projects\CubeSetlistManager\dist\Cube Setlist Manager\_internal\_tcl_data\tzdata\America\New_York
   Compressing: C:\Users\XKZ\Documents\VSCode Projects\CubeSetlistManager\dist\Cube Setlist Manager\_internal\_tcl_data\tzdata\America\Nipigon
   Compressing: C:\Users\XKZ\Documents\VSCode Projects\CubeSetlistManager\dist\Cube Setlist Manager\_internal\_tcl_data\tzdata\America\Nome
   Compressing: C:\Users\XKZ\Documents\VSCode Projects\CubeSetlistManager\dist\Cube Setlist Manager\_internal\_tcl_data\tzdata\America\Noronha
   Compressing: C:\Users\XKZ\Documents\VSCode Projects\CubeSetlistManager\dist\Cube Setlist Manager\_internal\_tcl_data\tzdata\America\Nuuk
   Compressing: C:\Users\XKZ\Documents\VSCode Projects\CubeSetlistManager\dist\Cube Setlist Manager\_internal\_tcl_data\tzdata\America\Ojinaga
   Compressing: C:\Users\XKZ\Documents\VSCode Projects\CubeSetlistManager\dist\Cube Setlist Manager\_internal\_tcl_data\tzdata\America\Panama
   Compressing: C:\Users\XKZ\Documents\VSCode Projects\CubeSetlistManager\dist\Cube Setlist Manager\_internal\_tcl_data\tzdata\America\Pangnirtung
   Compressing: C:\Users\XKZ\Documents\VSCode Projects\CubeSetlistManager\dist\Cube Setlist Manager\_internal\_tcl_data\tzdata\America\Paramaribo
   Compressing: C:\Users\XKZ\Documents\VSCode Projects\CubeSetlistManager\dist\Cube Setlist Manager\_internal\_tcl_data\tzdata\America\Phoenix
   Compressing: C:\Users\XKZ\Documents\VSCode Projects\CubeSetlistManager\dist\Cube Setlist Manager\_internal\_tcl_data\tzdata\America\Port-au-Prince
   Compressing: C:\Users\XKZ\Documents\VSCode Projects\CubeSetlistManager\dist\Cube Setlist Manager\_internal\_tcl_data\tzdata\America\Porto_Acre
   Compressing: C:\Users\XKZ\Documents\VSCode Projects\CubeSetlistManager\dist\Cube Setlist Manager\_internal\_tcl_data\tzdata\America\Porto_Velho
   Compressing: C:\Users\XKZ\Documents\VSCode Projects\CubeSetlistManager\dist\Cube Setlist Manager\_internal\_tcl_data\tzdata\America\Port_of_Spain
   Compressing: C:\Users\XKZ\Documents\VSCode Projects\CubeSetlistManager\dist\Cube Setlist Manager\_internal\_tcl_data\tzdata\America\Puerto_Rico
   Compressing: C:\Users\XKZ\Documents\VSCode Projects\CubeSetlistManager\dist\Cube Setlist Manager\_internal\_tcl_data\tzdata\America\Punta_Arenas
   Compressing: C:\Users\XKZ\Documents\VSCode Projects\CubeSetlistManager\dist\Cube Setlist Manager\_internal\_tcl_data\tzdata\America\Rainy_River
   Compressing: C:\Users\XKZ\Documents\VSCode Projects\CubeSetlistManager\dist\Cube Setlist Manager\_internal\_tcl_data\tzdata\America\Rankin_Inlet
   Compressing: C:\Users\XKZ\Documents\VSCode Projects\CubeSetlistManager\dist\Cube Setlist Manager\_internal\_tcl_data\tzdata\America\Recife
   Compressing: C:\Users\XKZ\Documents\VSCode Projects\CubeSetlistManager\dist\Cube Setlist Manager\_internal\_tcl_data\tzdata\America\Regina
   Compressing: C:\Users\XKZ\Documents\VSCode Projects\CubeSetlistManager\dist\Cube Setlist Manager\_internal\_tcl_data\tzdata\America\Resolute
   Compressing: C:\Users\XKZ\Documents\VSCode Projects\CubeSetlistManager\dist\Cube Setlist Manager\_internal\_tcl_data\tzdata\America\Rio_Branco
   Compressing: C:\Users\XKZ\Documents\VSCode Projects\CubeSetlistManager\dist\Cube Setlist Manager\_internal\_tcl_data\tzdata\America\Rosario
   Compressing: C:\Users\XKZ\Documents\VSCode Projects\CubeSetlistManager\dist\Cube Setlist Manager\_internal\_tcl_data\tzdata\America\Santarem
   Compressing: C:\Users\XKZ\Documents\VSCode Projects\CubeSetlistManager\dist\Cube Setlist Manager\_internal\_tcl_data\tzdata\America\Santa_Isabel
   Compressing: C:\Users\XKZ\Documents\VSCode Projects\CubeSetlistManager\dist\Cube Setlist Manager\_internal\_tcl_data\tzdata\America\Santiago
   Compressing: C:\Users\XKZ\Documents\VSCode Projects\CubeSetlistManager\dist\Cube Setlist Manager\_internal\_tcl_data\tzdata\America\Santo_Domingo
   Compressing: C:\Users\XKZ\Documents\VSCode Projects\CubeSetlistManager\dist\Cube Setlist Manager\_internal\_tcl_data\tzdata\America\Sao_Paulo
   Compressing: C:\Users\XKZ\Documents\VSCode Projects\CubeSetlistManager\dist\Cube Setlist Manager\_internal\_tcl_data\tzdata\America\Scoresbysund
   Compressing: C:\Users\XKZ\Documents\VSCode Projects\CubeSetlistManager\dist\Cube Setlist Manager\_internal\_tcl_data\tzdata\America\Shiprock
   Compressing: C:\Users\XKZ\Documents\VSCode Projects\CubeSetlistManager\dist\Cube Setlist Manager\_internal\_tcl_data\tzdata\America\Sitka
   Compressing: C:\Users\XKZ\Documents\VSCode Projects\CubeSetlistManager\dist\Cube Setlist Manager\_internal\_tcl_data\tzdata\America\St_Barthelemy
   Compressing: C:\Users\XKZ\Documents\VSCode Projects\CubeSetlistManager\dist\Cube Setlist Manager\_internal\_tcl_data\tzdata\America\St_Johns
   Compressing: C:\Users\XKZ\Documents\VSCode Projects\CubeSetlistManager\dist\Cube Setlist Manager\_internal\_tcl_data\tzdata\America\St_Kitts
   Compressing: C:\Users\XKZ\Documents\VSCode Projects\CubeSetlistManager\dist\Cube Setlist Manager\_internal\_tcl_data\tzdata\America\St_Lucia
   Compressing: C:\Users\XKZ\Documents\VSCode Projects\CubeSetlistManager\dist\Cube Setlist Manager\_internal\_tcl_data\tzdata\America\St_Thomas
   Compressing: C:\Users\XKZ\Documents\VSCode Projects\CubeSetlistManager\dist\Cube Setlist Manager\_internal\_tcl_data\tzdata\America\St_Vincent
   Compressing: C:\Users\XKZ\Documents\VSCode Projects\CubeSetlistManager\dist\Cube Setlist Manager\_internal\_tcl_data\tzdata\America\Swift_Current
   Compressing: C:\Users\XKZ\Documents\VSCode Projects\CubeSetlistManager\dist\Cube Setlist Manager\_internal\_tcl_data\tzdata\America\Tegucigalpa
   Compressing: C:\Users\XKZ\Documents\VSCode Projects\CubeSetlistManager\dist\Cube Setlist Manager\_internal\_tcl_data\tzdata\America\Thule
   Compressing: C:\Users\XKZ\Documents\VSCode Projects\CubeSetlistManager\dist\Cube Setlist Manager\_internal\_tcl_data\tzdata\America\Thunder_Bay
   Compressing: C:\Users\XKZ\Documents\VSCode Projects\CubeSetlistManager\dist\Cube Setlist Manager\_internal\_tcl_data\tzdata\America\Tijuana
   Compressing: C:\Users\XKZ\Documents\VSCode Projects\CubeSetlistManager\dist\Cube Setlist Manager\_internal\_tcl_data\tzdata\America\Toronto
   Compressing: C:\Users\XKZ\Documents\VSCode Projects\CubeSetlistManager\dist\Cube Setlist Manager\_internal\_tcl_data\tzdata\America\Tortola
   Compressing: C:\Users\XKZ\Documents\VSCode Projects\CubeSetlistManager\dist\Cube Setlist Manager\_internal\_tcl_data\tzdata\America\Vancouver
   Compressing: C:\Users\XKZ\Documents\VSCode Projects\CubeSetlistManager\dist\Cube Setlist Manager\_internal\_tcl_data\tzdata\America\Virgin
   Compressing: C:\Users\XKZ\Documents\VSCode Projects\CubeSetlistManager\dist\Cube Setlist Manager\_internal\_tcl_data\tzdata\America\Whitehorse
   Compressing: C:\Users\XKZ\Documents\VSCode Projects\CubeSetlistManager\dist\Cube Setlist Manager\_internal\_tcl_data\tzdata\America\Winnipeg
   Compressing: C:\Users\XKZ\Documents\VSCode Projects\CubeSetlistManager\dist\Cube Setlist Manager\_internal\_tcl_data\tzdata\America\Yakutat
   Compressing: C:\Users\XKZ\Documents\VSCode Projects\CubeSetlistManager\dist\Cube Setlist Manager\_internal\_tcl_data\tzdata\America\Yellowknife
   Compressing: C:\Users\XKZ\Documents\VSCode Projects\CubeSetlistManager\dist\Cube Setlist Manager\_internal\_tcl_data\tzdata\America\Argentina\Buenos_Aires
   Compressing: C:\Users\XKZ\Documents\VSCode Projects\CubeSetlistManager\dist\Cube Setlist Manager\_internal\_tcl_data\tzdata\America\Argentina\Catamarca
   Compressing: C:\Users\XKZ\Documents\VSCode Projects\CubeSetlistManager\dist\Cube Setlist Manager\_internal\_tcl_data\tzdata\America\Argentina\ComodRivadavia
   Compressing: C:\Users\XKZ\Documents\VSCode Projects\CubeSetlistManager\dist\Cube Setlist Manager\_internal\_tcl_data\tzdata\America\Argentina\Cordoba
   Compressing: C:\Users\XKZ\Documents\VSCode Projects\CubeSetlistManager\dist\Cube Setlist Manager\_internal\_tcl_data\tzdata\America\Argentina\Jujuy
   Compressing: C:\Users\XKZ\Documents\VSCode Projects\CubeSetlistManager\dist\Cube Setlist Manager\_internal\_tcl_data\tzdata\America\Argentina\La_Rioja
   Compressing: C:\Users\XKZ\Documents\VSCode Projects\CubeSetlistManager\dist\Cube Setlist Manager\_internal\_tcl_data\tzdata\America\Argentina\Mendoza
   Compressing: C:\Users\XKZ\Documents\VSCode Projects\CubeSetlistManager\dist\Cube Setlist Manager\_internal\_tcl_data\tzdata\America\Argentina\Rio_Gallegos
   Compressing: C:\Users\XKZ\Documents\VSCode Projects\CubeSetlistManager\dist\Cube Setlist Manager\_internal\_tcl_data\tzdata\America\Argentina\Salta
   Compressing: C:\Users\XKZ\Documents\VSCode Projects\CubeSetlistManager\dist\Cube Setlist Manager\_internal\_tcl_data\tzdata\America\Argentina\San_Juan
   Compressing: C:\Users\XKZ\Documents\VSCode Projects\CubeSetlistManager\dist\Cube Setlist Manager\_internal\_tcl_data\tzdata\America\Argentina\San_Luis
   Compressing: C:\Users\XKZ\Documents\VSCode Projects\CubeSetlistManager\dist\Cube Setlist Manager\_internal\_tcl_data\tzdata\America\Argentina\Tucuman
   Compressing: C:\Users\XKZ\Documents\VSCode Projects\CubeSetlistManager\dist\Cube Setlist Manager\_internal\_tcl_data\tzdata\America\Argentina\Ushuaia
   Compressing: C:\Users\XKZ\Documents\VSCode Projects\CubeSetlistManager\dist\Cube Setlist Manager\_internal\_tcl_data\tzdata\America\Indiana\Indianapolis
   Compressing: C:\Users\XKZ\Documents\VSCode Projects\CubeSetlistManager\dist\Cube Setlist Manager\_internal\_tcl_data\tzdata\America\Indiana\Knox
   Compressing: C:\Users\XKZ\Documents\VSCode Projects\CubeSetlistManager\dist\Cube Setlist Manager\_internal\_tcl_data\tzdata\America\Indiana\Marengo
   Compressing: C:\Users\XKZ\Documents\VSCode Projects\CubeSetlistManager\dist\Cube Setlist Manager\_internal\_tcl_data\tzdata\America\Indiana\Petersburg
   Compressing: C:\Users\XKZ\Documents\VSCode Projects\CubeSetlistManager\dist\Cube Setlist Manager\_internal\_tcl_data\tzdata\America\Indiana\Tell_City
   Compressing: C:\Users\XKZ\Documents\VSCode Projects\CubeSetlistManager\dist\Cube Setlist Manager\_internal\_tcl_data\tzdata\America\Indiana\Vevay
   Compressing: C:\Users\XKZ\Documents\VSCode Projects\CubeSetlistManager\dist\Cube Setlist Manager\_internal\_tcl_data\tzdata\America\Indiana\Vincennes
   Compressing: C:\Users\XKZ\Documents\VSCode Projects\CubeSetlistManager\dist\Cube Setlist Manager\_internal\_tcl_data\tzdata\America\Indiana\Winamac
   Compressing: C:\Users\XKZ\Documents\VSCode Projects\CubeSetlistManager\dist\Cube Setlist Manager\_internal\_tcl_data\tzdata\America\Kentucky\Louisville
   Compressing: C:\Users\XKZ\Documents\VSCode Projects\CubeSetlistManager\dist\Cube Setlist Manager\_internal\_tcl_data\tzdata\America\Kentucky\Monticello
   Compressing: C:\Users\XKZ\Documents\VSCode Projects\CubeSetlistManager\dist\Cube Setlist Manager\_internal\_tcl_data\tzdata\America\North_Dakota\Beulah
   Compressing: C:\Users\XKZ\Documents\VSCode Projects\CubeSetlistManager\dist\Cube Setlist Manager\_internal\_tcl_data\tzdata\America\North_Dakota\Center
   Compressing: C:\Users\XKZ\Documents\VSCode Projects\CubeSetlistManager\dist\Cube Setlist Manager\_internal\_tcl_data\tzdata\America\North_Dakota\New_Salem
   Compressing: C:\Users\XKZ\Documents\VSCode Projects\CubeSetlistManager\dist\Cube Setlist Manager\_internal\_tcl_data\tzdata\Antarctica\Casey
   Compressing: C:\Users\XKZ\Documents\VSCode Projects\CubeSetlistManager\dist\Cube Setlist Manager\_internal\_tcl_data\tzdata\Antarctica\Davis
   Compressing: C:\Users\XKZ\Documents\VSCode Projects\CubeSetlistManager\dist\Cube Setlist Manager\_internal\_tcl_data\tzdata\Antarctica\DumontDUrville
   Compressing: C:\Users\XKZ\Documents\VSCode Projects\CubeSetlistManager\dist\Cube Setlist Manager\_internal\_tcl_data\tzdata\Antarctica\Macquarie
   Compressing: C:\Users\XKZ\Documents\VSCode Projects\CubeSetlistManager\dist\Cube Setlist Manager\_internal\_tcl_data\tzdata\Antarctica\Mawson
   Compressing: C:\Users\XKZ\Documents\VSCode Projects\CubeSetlistManager\dist\Cube Setlist Manager\_internal\_tcl_data\tzdata\Antarctica\McMurdo
   Compressing: C:\Users\XKZ\Documents\VSCode Projects\CubeSetlistManager\dist\Cube Setlist Manager\_internal\_tcl_data\tzdata\Antarctica\Palmer
   Compressing: C:\Users\XKZ\Documents\VSCode Projects\CubeSetlistManager\dist\Cube Setlist Manager\_internal\_tcl_data\tzdata\Antarctica\Rothera
   Compressing: C:\Users\XKZ\Documents\VSCode Projects\CubeSetlistManager\dist\Cube Setlist Manager\_internal\_tcl_data\tzdata\Antarctica\South_Pole
   Compressing: C:\Users\XKZ\Documents\VSCode Projects\CubeSetlistManager\dist\Cube Setlist Manager\_internal\_tcl_data\tzdata\Antarctica\Syowa
   Compressing: C:\Users\XKZ\Documents\VSCode Projects\CubeSetlistManager\dist\Cube Setlist Manager\_internal\_tcl_data\tzdata\Antarctica\Troll
   Compressing: C:\Users\XKZ\Documents\VSCode Projects\CubeSetlistManager\dist\Cube Setlist Manager\_internal\_tcl_data\tzdata\Antarctica\Vostok
   Compressing: C:\Users\XKZ\Documents\VSCode Projects\CubeSetlistManager\dist\Cube Setlist Manager\_internal\_tcl_data\tzdata\Arctic\Longyearbyen
   Compressing: C:\Users\XKZ\Documents\VSCode Projects\CubeSetlistManager\dist\Cube Setlist Manager\_internal\_tcl_data\tzdata\Asia\Aden
   Compressing: C:\Users\XKZ\Documents\VSCode Projects\CubeSetlistManager\dist\Cube Setlist Manager\_internal\_tcl_data\tzdata\Asia\Almaty
   Compressing: C:\Users\XKZ\Documents\VSCode Projects\CubeSetlistManager\dist\Cube Setlist Manager\_internal\_tcl_data\tzdata\Asia\Amman
   Compressing: C:\Users\XKZ\Documents\VSCode Projects\CubeSetlistManager\dist\Cube Setlist Manager\_internal\_tcl_data\tzdata\Asia\Anadyr
   Compressing: C:\Users\XKZ\Documents\VSCode Projects\CubeSetlistManager\dist\Cube Setlist Manager\_internal\_tcl_data\tzdata\Asia\Aqtau
   Compressing: C:\Users\XKZ\Documents\VSCode Projects\CubeSetlistManager\dist\Cube Setlist Manager\_internal\_tcl_data\tzdata\Asia\Aqtobe
   Compressing: C:\Users\XKZ\Documents\VSCode Projects\CubeSetlistManager\dist\Cube Setlist Manager\_internal\_tcl_data\tzdata\Asia\Ashgabat
   Compressing: C:\Users\XKZ\Documents\VSCode Projects\CubeSetlistManager\dist\Cube Setlist Manager\_internal\_tcl_data\tzdata\Asia\Ashkhabad
   Compressing: C:\Users\XKZ\Documents\VSCode Projects\CubeSetlistManager\dist\Cube Setlist Manager\_internal\_tcl_data\tzdata\Asia\Atyrau
   Compressing: C:\Users\XKZ\Documents\VSCode Projects\CubeSetlistManager\dist\Cube Setlist Manager\_internal\_tcl_data\tzdata\Asia\Baghdad
   Compressing: C:\Users\XKZ\Documents\VSCode Projects\CubeSetlistManager\dist\Cube Setlist Manager\_internal\_tcl_data\tzdata\Asia\Bahrain
   Compressing: C:\Users\XKZ\Documents\VSCode Projects\CubeSetlistManager\dist\Cube Setlist Manager\_internal\_tcl_data\tzdata\Asia\Baku
   Compressing: C:\Users\XKZ\Documents\VSCode Projects\CubeSetlistManager\dist\Cube Setlist Manager\_internal\_tcl_data\tzdata\Asia\Bangkok
   Compressing: C:\Users\XKZ\Documents\VSCode Projects\CubeSetlistManager\dist\Cube Setlist Manager\_internal\_tcl_data\tzdata\Asia\Barnaul
   Compressing: C:\Users\XKZ\Documents\VSCode Projects\CubeSetlistManager\dist\Cube Setlist Manager\_internal\_tcl_data\tzdata\Asia\Beirut
   Compressing: C:\Users\XKZ\Documents\VSCode Projects\CubeSetlistManager\dist\Cube Setlist Manager\_internal\_tcl_data\tzdata\Asia\Bishkek
   Compressing: C:\Users\XKZ\Documents\VSCode Projects\CubeSetlistManager\dist\Cube Setlist Manager\_internal\_tcl_data\tzdata\Asia\Brunei
   Compressing: C:\Users\XKZ\Documents\VSCode Projects\CubeSetlistManager\dist\Cube Setlist Manager\_internal\_tcl_data\tzdata\Asia\Calcutta
   Compressing: C:\Users\XKZ\Documents\VSCode Projects\CubeSetlistManager\dist\Cube Setlist Manager\_internal\_tcl_data\tzdata\Asia\Chita
   Compressing: C:\Users\XKZ\Documents\VSCode Projects\CubeSetlistManager\dist\Cube Setlist Manager\_internal\_tcl_data\tzdata\Asia\Choibalsan
   Compressing: C:\Users\XKZ\Documents\VSCode Projects\CubeSetlistManager\dist\Cube Setlist Manager\_internal\_tcl_data\tzdata\Asia\Chongqing
   Compressing: C:\Users\XKZ\Documents\VSCode Projects\CubeSetlistManager\dist\Cube Setlist Manager\_internal\_tcl_data\tzdata\Asia\Chungking
   Compressing: C:\Users\XKZ\Documents\VSCode Projects\CubeSetlistManager\dist\Cube Setlist Manager\_internal\_tcl_data\tzdata\Asia\Colombo
   Compressing: C:\Users\XKZ\Documents\VSCode Projects\CubeSetlistManager\dist\Cube Setlist Manager\_internal\_tcl_data\tzdata\Asia\Dacca
   Compressing: C:\Users\XKZ\Documents\VSCode Projects\CubeSetlistManager\dist\Cube Setlist Manager\_internal\_tcl_data\tzdata\Asia\Damascus
   Compressing: C:\Users\XKZ\Documents\VSCode Projects\CubeSetlistManager\dist\Cube Setlist Manager\_internal\_tcl_data\tzdata\Asia\Dhaka
   Compressing: C:\Users\XKZ\Documents\VSCode Projects\CubeSetlistManager\dist\Cube Setlist Manager\_internal\_tcl_data\tzdata\Asia\Dili
   Compressing: C:\Users\XKZ\Documents\VSCode Projects\CubeSetlistManager\dist\Cube Setlist Manager\_internal\_tcl_data\tzdata\Asia\Dubai
   Compressing: C:\Users\XKZ\Documents\VSCode Projects\CubeSetlistManager\dist\Cube Setlist Manager\_internal\_tcl_data\tzdata\Asia\Dushanbe
   Compressing: C:\Users\XKZ\Documents\VSCode Projects\CubeSetlistManager\dist\Cube Setlist Manager\_internal\_tcl_data\tzdata\Asia\Famagusta
   Compressing: C:\Users\XKZ\Documents\VSCode Projects\CubeSetlistManager\dist\Cube Setlist Manager\_internal\_tcl_data\tzdata\Asia\Gaza
   Compressing: C:\Users\XKZ\Documents\VSCode Projects\CubeSetlistManager\dist\Cube Setlist Manager\_internal\_tcl_data\tzdata\Asia\Harbin
   Compressing: C:\Users\XKZ\Documents\VSCode Projects\CubeSetlistManager\dist\Cube Setlist Manager\_internal\_tcl_data\tzdata\Asia\Hebron
   Compressing: C:\Users\XKZ\Documents\VSCode Projects\CubeSetlistManager\dist\Cube Setlist Manager\_internal\_tcl_data\tzdata\Asia\Hong_Kong
   Compressing: C:\Users\XKZ\Documents\VSCode Projects\CubeSetlistManager\dist\Cube Setlist Manager\_internal\_tcl_data\tzdata\Asia\Hovd
   Compressing: C:\Users\XKZ\Documents\VSCode Projects\CubeSetlistManager\dist\Cube Setlist Manager\_internal\_tcl_data\tzdata\Asia\Ho_Chi_Minh
   Compressing: C:\Users\XKZ\Documents\VSCode Projects\CubeSetlistManager\dist\Cube Setlist Manager\_internal\_tcl_data\tzdata\Asia\Irkutsk
   Compressing: C:\Users\XKZ\Documents\VSCode Projects\CubeSetlistManager\dist\Cube Setlist Manager\_internal\_tcl_data\tzdata\Asia\Istanbul
   Compressing: C:\Users\XKZ\Documents\VSCode Projects\CubeSetlistManager\dist\Cube Setlist Manager\_internal\_tcl_data\tzdata\Asia\Jakarta
   Compressing: C:\Users\XKZ\Documents\VSCode Projects\CubeSetlistManager\dist\Cube Setlist Manager\_internal\_tcl_data\tzdata\Asia\Jayapura
   Compressing: C:\Users\XKZ\Documents\VSCode Projects\CubeSetlistManager\dist\Cube Setlist Manager\_internal\_tcl_data\tzdata\Asia\Jerusalem
   Compressing: C:\Users\XKZ\Documents\VSCode Projects\CubeSetlistManager\dist\Cube Setlist Manager\_internal\_tcl_data\tzdata\Asia\Kabul
   Compressing: C:\Users\XKZ\Documents\VSCode Projects\CubeSetlistManager\dist\Cube Setlist Manager\_internal\_tcl_data\tzdata\Asia\Kamchatka
   Compressing: C:\Users\XKZ\Documents\VSCode Projects\CubeSetlistManager\dist\Cube Setlist Manager\_internal\_tcl_data\tzdata\Asia\Karachi
   Compressing: C:\Users\XKZ\Documents\VSCode Projects\CubeSetlistManager\dist\Cube Setlist Manager\_internal\_tcl_data\tzdata\Asia\Kashgar
   Compressing: C:\Users\XKZ\Documents\VSCode Projects\CubeSetlistManager\dist\Cube Setlist Manager\_internal\_tcl_data\tzdata\Asia\Kathmandu
   Compressing: C:\Users\XKZ\Documents\VSCode Projects\CubeSetlistManager\dist\Cube Setlist Manager\_internal\_tcl_data\tzdata\Asia\Katmandu
   Compressing: C:\Users\XKZ\Documents\VSCode Projects\CubeSetlistManager\dist\Cube Setlist Manager\_internal\_tcl_data\tzdata\Asia\Khandyga
   Compressing: C:\Users\XKZ\Documents\VSCode Projects\CubeSetlistManager\dist\Cube Setlist Manager\_internal\_tcl_data\tzdata\Asia\Kolkata
   Compressing: C:\Users\XKZ\Documents\VSCode Projects\CubeSetlistManager\dist\Cube Setlist Manager\_internal\_tcl_data\tzdata\Asia\Krasnoyarsk
   Compressing: C:\Users\XKZ\Documents\VSCode Projects\CubeSetlistManager\dist\Cube Setlist Manager\_internal\_tcl_data\tzdata\Asia\Kuala_Lumpur
   Compressing: C:\Users\XKZ\Documents\VSCode Projects\CubeSetlistManager\dist\Cube Setlist Manager\_internal\_tcl_data\tzdata\Asia\Kuching
   Compressing: C:\Users\XKZ\Documents\VSCode Projects\CubeSetlistManager\dist\Cube Setlist Manager\_internal\_tcl_data\tzdata\Asia\Kuwait
   Compressing: C:\Users\XKZ\Documents\VSCode Projects\CubeSetlistManager\dist\Cube Setlist Manager\_internal\_tcl_data\tzdata\Asia\Macao
   Compressing: C:\Users\XKZ\Documents\VSCode Projects\CubeSetlistManager\dist\Cube Setlist Manager\_internal\_tcl_data\tzdata\Asia\Macau
   Compressing: C:\Users\XKZ\Documents\VSCode Projects\CubeSetlistManager\dist\Cube Setlist Manager\_internal\_tcl_data\tzdata\Asia\Magadan
   Compressing: C:\Users\XKZ\Documents\VSCode Projects\CubeSetlistManager\dist\Cube Setlist Manager\_internal\_tcl_data\tzdata\Asia\Makassar
   Compressing: C:\Users\XKZ\Documents\VSCode Projects\CubeSetlistManager\dist\Cube Setlist Manager\_internal\_tcl_data\tzdata\Asia\Manila
   Compressing: C:\Users\XKZ\Documents\VSCode Projects\CubeSetlistManager\dist\Cube Setlist Manager\_internal\_tcl_data\tzdata\Asia\Muscat
   Compressing: C:\Users\XKZ\Documents\VSCode Projects\CubeSetlistManager\dist\Cube Setlist Manager\_internal\_tcl_data\tzdata\Asia\Nicosia
   Compressing: C:\Users\XKZ\Documents\VSCode Projects\CubeSetlistManager\dist\Cube Setlist Manager\_internal\_tcl_data\tzdata\Asia\Novokuznetsk
   Compressing: C:\Users\XKZ\Documents\VSCode Projects\CubeSetlistManager\dist\Cube Setlist Manager\_internal\_tcl_data\tzdata\Asia\Novosibirsk
   Compressing: C:\Users\XKZ\Documents\VSCode Projects\CubeSetlistManager\dist\Cube Setlist Manager\_internal\_tcl_data\tzdata\Asia\Omsk
   Compressing: C:\Users\XKZ\Documents\VSCode Projects\CubeSetlistManager\dist\Cube Setlist Manager\_internal\_tcl_data\tzdata\Asia\Oral
   Compressing: C:\Users\XKZ\Documents\VSCode Projects\CubeSetlistManager\dist\Cube Setlist Manager\_internal\_tcl_data\tzdata\Asia\Phnom_Penh
   Compressing: C:\Users\XKZ\Documents\VSCode Projects\CubeSetlistManager\dist\Cube Setlist Manager\_internal\_tcl_data\tzdata\Asia\Pontianak
   Compressing: C:\Users\XKZ\Documents\VSCode Projects\CubeSetlistManager\dist\Cube Setlist Manager\_internal\_tcl_data\tzdata\Asia\Pyongyang
   Compressing: C:\Users\XKZ\Documents\VSCode Projects\CubeSetlistManager\dist\Cube Setlist Manager\_internal\_tcl_data\tzdata\Asia\Qatar
   Compressing: C:\Users\XKZ\Documents\VSCode Projects\CubeSetlistManager\dist\Cube Setlist Manager\_internal\_tcl_data\tzdata\Asia\Qostanay
   Compressing: C:\Users\XKZ\Documents\VSCode Projects\CubeSetlistManager\dist\Cube Setlist Manager\_internal\_tcl_data\tzdata\Asia\Qyzylorda
   Compressing: C:\Users\XKZ\Documents\VSCode Projects\CubeSetlistManager\dist\Cube Setlist Manager\_internal\_tcl_data\tzdata\Asia\Rangoon
   Compressing: C:\Users\XKZ\Documents\VSCode Projects\CubeSetlistManager\dist\Cube Setlist Manager\_internal\_tcl_data\tzdata\Asia\Riyadh
   Compressing: C:\Users\XKZ\Documents\VSCode Projects\CubeSetlistManager\dist\Cube Setlist Manager\_internal\_tcl_data\tzdata\Asia\Saigon
   Compressing: C:\Users\XKZ\Documents\VSCode Projects\CubeSetlistManager\dist\Cube Setlist Manager\_internal\_tcl_data\tzdata\Asia\Sakhalin
   Compressing: C:\Users\XKZ\Documents\VSCode Projects\CubeSetlistManager\dist\Cube Setlist Manager\_internal\_tcl_data\tzdata\Asia\Samarkand
   Compressing: C:\Users\XKZ\Documents\VSCode Projects\CubeSetlistManager\dist\Cube Setlist Manager\_internal\_tcl_data\tzdata\Asia\Seoul
   Compressing: C:\Users\XKZ\Documents\VSCode Projects\CubeSetlistManager\dist\Cube Setlist Manager\_internal\_tcl_data\tzdata\Asia\Shanghai
   Compressing: C:\Users\XKZ\Documents\VSCode Projects\CubeSetlistManager\dist\Cube Setlist Manager\_internal\_tcl_data\tzdata\Asia\Singapore
   Compressing: C:\Users\XKZ\Documents\VSCode Projects\CubeSetlistManager\dist\Cube Setlist Manager\_internal\_tcl_data\tzdata\Asia\Srednekolymsk
   Compressing: C:\Users\XKZ\Documents\VSCode Projects\CubeSetlistManager\dist\Cube Setlist Manager\_internal\_tcl_data\tzdata\Asia\Taipei
   Compressing: C:\Users\XKZ\Documents\VSCode Projects\CubeSetlistManager\dist\Cube Setlist Manager\_internal\_tcl_data\tzdata\Asia\Tashkent
   Compressing: C:\Users\XKZ\Documents\VSCode Projects\CubeSetlistManager\dist\Cube Setlist Manager\_internal\_tcl_data\tzdata\Asia\Tbilisi
   Compressing: C:\Users\XKZ\Documents\VSCode Projects\CubeSetlistManager\dist\Cube Setlist Manager\_internal\_tcl_data\tzdata\Asia\Tehran
   Compressing: C:\Users\XKZ\Documents\VSCode Projects\CubeSetlistManager\dist\Cube Setlist Manager\_internal\_tcl_data\tzdata\Asia\Tel_Aviv
   Compressing: C:\Users\XKZ\Documents\VSCode Projects\CubeSetlistManager\dist\Cube Setlist Manager\_internal\_tcl_data\tzdata\Asia\Thimbu
   Compressing: C:\Users\XKZ\Documents\VSCode Projects\CubeSetlistManager\dist\Cube Setlist Manager\_internal\_tcl_data\tzdata\Asia\Thimphu
   Compressing: C:\Users\XKZ\Documents\VSCode Projects\CubeSetlistManager\dist\Cube Setlist Manager\_internal\_tcl_data\tzdata\Asia\Tokyo
   Compressing: C:\Users\XKZ\Documents\VSCode Projects\CubeSetlistManager\dist\Cube Setlist Manager\_internal\_tcl_data\tzdata\Asia\Tomsk
   Compressing: C:\Users\XKZ\Documents\VSCode Projects\CubeSetlistManager\dist\Cube Setlist Manager\_internal\_tcl_data\tzdata\Asia\Ujung_Pandang
   Compressing: C:\Users\XKZ\Documents\VSCode Projects\CubeSetlistManager\dist\Cube Setlist Manager\_internal\_tcl_data\tzdata\Asia\Ulaanbaatar
   Compressing: C:\Users\XKZ\Documents\VSCode Projects\CubeSetlistManager\dist\Cube Setlist Manager\_internal\_tcl_data\tzdata\Asia\Ulan_Bator
   Compressing: C:\Users\XKZ\Documents\VSCode Projects\CubeSetlistManager\dist\Cube Setlist Manager\_internal\_tcl_data\tzdata\Asia\Urumqi
   Compressing: C:\Users\XKZ\Documents\VSCode Projects\CubeSetlistManager\dist\Cube Setlist Manager\_internal\_tcl_data\tzdata\Asia\Ust-Nera
   Compressing: C:\Users\XKZ\Documents\VSCode Projects\CubeSetlistManager\dist\Cube Setlist Manager\_internal\_tcl_data\tzdata\Asia\Vientiane
   Compressing: C:\Users\XKZ\Documents\VSCode Projects\CubeSetlistManager\dist\Cube Setlist Manager\_internal\_tcl_data\tzdata\Asia\Vladivostok
   Compressing: C:\Users\XKZ\Documents\VSCode Projects\CubeSetlistManager\dist\Cube Setlist Manager\_internal\_tcl_data\tzdata\Asia\Yakutsk
   Compressing: C:\Users\XKZ\Documents\VSCode Projects\CubeSetlistManager\dist\Cube Setlist Manager\_internal\_tcl_data\tzdata\Asia\Yangon
   Compressing: C:\Users\XKZ\Documents\VSCode Projects\CubeSetlistManager\dist\Cube Setlist Manager\_internal\_tcl_data\tzdata\Asia\Yekaterinburg
   Compressing: C:\Users\XKZ\Documents\VSCode Projects\CubeSetlistManager\dist\Cube Setlist Manager\_internal\_tcl_data\tzdata\Asia\Yerevan
   Compressing: C:\Users\XKZ\Documents\VSCode Projects\CubeSetlistManager\dist\Cube Setlist Manager\_internal\_tcl_data\tzdata\Atlantic\Azores
   Compressing: C:\Users\XKZ\Documents\VSCode Projects\CubeSetlistManager\dist\Cube Setlist Manager\_internal\_tcl_data\tzdata\Atlantic\Bermuda
   Compressing: C:\Users\XKZ\Documents\VSCode Projects\CubeSetlistManager\dist\Cube Setlist Manager\_internal\_tcl_data\tzdata\Atlantic\Canary
   Compressing: C:\Users\XKZ\Documents\VSCode Projects\CubeSetlistManager\dist\Cube Setlist Manager\_internal\_tcl_data\tzdata\Atlantic\Cape_Verde
   Compressing: C:\Users\XKZ\Documents\VSCode Projects\CubeSetlistManager\dist\Cube Setlist Manager\_internal\_tcl_data\tzdata\Atlantic\Faeroe
   Compressing: C:\Users\XKZ\Documents\VSCode Projects\CubeSetlistManager\dist\Cube Setlist Manager\_internal\_tcl_data\tzdata\Atlantic\Faroe
   Compressing: C:\Users\XKZ\Documents\VSCode Projects\CubeSetlistManager\dist\Cube Setlist Manager\_internal\_tcl_data\tzdata\Atlantic\Jan_Mayen
   Compressing: C:\Users\XKZ\Documents\VSCode Projects\CubeSetlistManager\dist\Cube Setlist Manager\_internal\_tcl_data\tzdata\Atlantic\Madeira
   Compressing: C:\Users\XKZ\Documents\VSCode Projects\CubeSetlistManager\dist\Cube Setlist Manager\_internal\_tcl_data\tzdata\Atlantic\Reykjavik
   Compressing: C:\Users\XKZ\Documents\VSCode Projects\CubeSetlistManager\dist\Cube Setlist Manager\_internal\_tcl_data\tzdata\Atlantic\South_Georgia
   Compressing: C:\Users\XKZ\Documents\VSCode Projects\CubeSetlistManager\dist\Cube Setlist Manager\_internal\_tcl_data\tzdata\Atlantic\Stanley
   Compressing: C:\Users\XKZ\Documents\VSCode Projects\CubeSetlistManager\dist\Cube Setlist Manager\_internal\_tcl_data\tzdata\Atlantic\St_Helena
   Compressing: C:\Users\XKZ\Documents\VSCode Projects\CubeSetlistManager\dist\Cube Setlist Manager\_internal\_tcl_data\tzdata\Australia\ACT
   Compressing: C:\Users\XKZ\Documents\VSCode Projects\CubeSetlistManager\dist\Cube Setlist Manager\_internal\_tcl_data\tzdata\Australia\Adelaide
   Compressing: C:\Users\XKZ\Documents\VSCode Projects\CubeSetlistManager\dist\Cube Setlist Manager\_internal\_tcl_data\tzdata\Australia\Brisbane
   Compressing: C:\Users\XKZ\Documents\VSCode Projects\CubeSetlistManager\dist\Cube Setlist Manager\_internal\_tcl_data\tzdata\Australia\Broken_Hill
   Compressing: C:\Users\XKZ\Documents\VSCode Projects\CubeSetlistManager\dist\Cube Setlist Manager\_internal\_tcl_data\tzdata\Australia\Canberra
   Compressing: C:\Users\XKZ\Documents\VSCode Projects\CubeSetlistManager\dist\Cube Setlist Manager\_internal\_tcl_data\tzdata\Australia\Currie
   Compressing: C:\Users\XKZ\Documents\VSCode Projects\CubeSetlistManager\dist\Cube Setlist Manager\_internal\_tcl_data\tzdata\Australia\Darwin
   Compressing: C:\Users\XKZ\Documents\VSCode Projects\CubeSetlistManager\dist\Cube Setlist Manager\_internal\_tcl_data\tzdata\Australia\Eucla
   Compressing: C:\Users\XKZ\Documents\VSCode Projects\CubeSetlistManager\dist\Cube Setlist Manager\_internal\_tcl_data\tzdata\Australia\Hobart
   Compressing: C:\Users\XKZ\Documents\VSCode Projects\CubeSetlistManager\dist\Cube Setlist Manager\_internal\_tcl_data\tzdata\Australia\LHI
   Compressing: C:\Users\XKZ\Documents\VSCode Projects\CubeSetlistManager\dist\Cube Setlist Manager\_internal\_tcl_data\tzdata\Australia\Lindeman
   Compressing: C:\Users\XKZ\Documents\VSCode Projects\CubeSetlistManager\dist\Cube Setlist Manager\_internal\_tcl_data\tzdata\Australia\Lord_Howe
   Compressing: C:\Users\XKZ\Documents\VSCode Projects\CubeSetlistManager\dist\Cube Setlist Manager\_internal\_tcl_data\tzdata\Australia\Melbourne
   Compressing: C:\Users\XKZ\Documents\VSCode Projects\CubeSetlistManager\dist\Cube Setlist Manager\_internal\_tcl_data\tzdata\Australia\North
   Compressing: C:\Users\XKZ\Documents\VSCode Projects\CubeSetlistManager\dist\Cube Setlist Manager\_internal\_tcl_data\tzdata\Australia\NSW
   Compressing: C:\Users\XKZ\Documents\VSCode Projects\CubeSetlistManager\dist\Cube Setlist Manager\_internal\_tcl_data\tzdata\Australia\Perth
   Compressing: C:\Users\XKZ\Documents\VSCode Projects\CubeSetlistManager\dist\Cube Setlist Manager\_internal\_tcl_data\tzdata\Australia\Queensland
   Compressing: C:\Users\XKZ\Documents\VSCode Projects\CubeSetlistManager\dist\Cube Setlist Manager\_internal\_tcl_data\tzdata\Australia\South
   Compressing: C:\Users\XKZ\Documents\VSCode Projects\CubeSetlistManager\dist\Cube Setlist Manager\_internal\_tcl_data\tzdata\Australia\Sydney
   Compressing: C:\Users\XKZ\Documents\VSCode Projects\CubeSetlistManager\dist\Cube Setlist Manager\_internal\_tcl_data\tzdata\Australia\Tasmania
   Compressing: C:\Users\XKZ\Documents\VSCode Projects\CubeSetlistManager\dist\Cube Setlist Manager\_internal\_tcl_data\tzdata\Australia\Victoria
   Compressing: C:\Users\XKZ\Documents\VSCode Projects\CubeSetlistManager\dist\Cube Setlist Manager\_internal\_tcl_data\tzdata\Australia\West
   Compressing: C:\Users\XKZ\Documents\VSCode Projects\CubeSetlistManager\dist\Cube Setlist Manager\_internal\_tcl_data\tzdata\Australia\Yancowinna
   Compressing: C:\Users\XKZ\Documents\VSCode Projects\CubeSetlistManager\dist\Cube Setlist Manager\_internal\_tcl_data\tzdata\Brazil\Acre
   Compressing: C:\Users\XKZ\Documents\VSCode Projects\CubeSetlistManager\dist\Cube Setlist Manager\_internal\_tcl_data\tzdata\Brazil\DeNoronha
   Compressing: C:\Users\XKZ\Documents\VSCode Projects\CubeSetlistManager\dist\Cube Setlist Manager\_internal\_tcl_data\tzdata\Brazil\East
   Compressing: C:\Users\XKZ\Documents\VSCode Projects\CubeSetlistManager\dist\Cube Setlist Manager\_internal\_tcl_data\tzdata\Brazil\West
   Compressing: C:\Users\XKZ\Documents\VSCode Projects\CubeSetlistManager\dist\Cube Setlist Manager\_internal\_tcl_data\tzdata\Canada\Atlantic
   Compressing: C:\Users\XKZ\Documents\VSCode Projects\CubeSetlistManager\dist\Cube Setlist Manager\_internal\_tcl_data\tzdata\Canada\Central
   Compressing: C:\Users\XKZ\Documents\VSCode Projects\CubeSetlistManager\dist\Cube Setlist Manager\_internal\_tcl_data\tzdata\Canada\Eastern
   Compressing: C:\Users\XKZ\Documents\VSCode Projects\CubeSetlistManager\dist\Cube Setlist Manager\_internal\_tcl_data\tzdata\Canada\Mountain
   Compressing: C:\Users\XKZ\Documents\VSCode Projects\CubeSetlistManager\dist\Cube Setlist Manager\_internal\_tcl_data\tzdata\Canada\Newfoundland
   Compressing: C:\Users\XKZ\Documents\VSCode Projects\CubeSetlistManager\dist\Cube Setlist Manager\_internal\_tcl_data\tzdata\Canada\Pacific
   Compressing: C:\Users\XKZ\Documents\VSCode Projects\CubeSetlistManager\dist\Cube Setlist Manager\_internal\_tcl_data\tzdata\Canada\Saskatchewan
   Compressing: C:\Users\XKZ\Documents\VSCode Projects\CubeSetlistManager\dist\Cube Setlist Manager\_internal\_tcl_data\tzdata\Canada\Yukon
   Compressing: C:\Users\XKZ\Documents\VSCode Projects\CubeSetlistManager\dist\Cube Setlist Manager\_internal\_tcl_data\tzdata\Chile\Continental
   Compressing: C:\Users\XKZ\Documents\VSCode Projects\CubeSetlistManager\dist\Cube Setlist Manager\_internal\_tcl_data\tzdata\Chile\EasterIsland
   Compressing: C:\Users\XKZ\Documents\VSCode Projects\CubeSetlistManager\dist\Cube Setlist Manager\_internal\_tcl_data\tzdata\Etc\GMT
   Compressing: C:\Users\XKZ\Documents\VSCode Projects\CubeSetlistManager\dist\Cube Setlist Manager\_internal\_tcl_data\tzdata\Etc\GMT+0
   Compressing: C:\Users\XKZ\Documents\VSCode Projects\CubeSetlistManager\dist\Cube Setlist Manager\_internal\_tcl_data\tzdata\Etc\GMT+1
   Compressing: C:\Users\XKZ\Documents\VSCode Projects\CubeSetlistManager\dist\Cube Setlist Manager\_internal\_tcl_data\tzdata\Etc\GMT+10
   Compressing: C:\Users\XKZ\Documents\VSCode Projects\CubeSetlistManager\dist\Cube Setlist Manager\_internal\_tcl_data\tzdata\Etc\GMT+11
   Compressing: C:\Users\XKZ\Documents\VSCode Projects\CubeSetlistManager\dist\Cube Setlist Manager\_internal\_tcl_data\tzdata\Etc\GMT+12
   Compressing: C:\Users\XKZ\Documents\VSCode Projects\CubeSetlistManager\dist\Cube Setlist Manager\_internal\_tcl_data\tzdata\Etc\GMT+2
   Compressing: C:\Users\XKZ\Documents\VSCode Projects\CubeSetlistManager\dist\Cube Setlist Manager\_internal\_tcl_data\tzdata\Etc\GMT+3
   Compressing: C:\Users\XKZ\Documents\VSCode Projects\CubeSetlistManager\dist\Cube Setlist Manager\_internal\_tcl_data\tzdata\Etc\GMT+4
   Compressing: C:\Users\XKZ\Documents\VSCode Projects\CubeSetlistManager\dist\Cube Setlist Manager\_internal\_tcl_data\tzdata\Etc\GMT+5
   Compressing: C:\Users\XKZ\Documents\VSCode Projects\CubeSetlistManager\dist\Cube Setlist Manager\_internal\_tcl_data\tzdata\Etc\GMT+6
   Compressing: C:\Users\XKZ\Documents\VSCode Projects\CubeSetlistManager\dist\Cube Setlist Manager\_internal\_tcl_data\tzdata\Etc\GMT+7
   Compressing: C:\Users\XKZ\Documents\VSCode Projects\CubeSetlistManager\dist\Cube Setlist Manager\_internal\_tcl_data\tzdata\Etc\GMT+8
   Compressing: C:\Users\XKZ\Documents\VSCode Projects\CubeSetlistManager\dist\Cube Setlist Manager\_internal\_tcl_data\tzdata\Etc\GMT+9
   Compressing: C:\Users\XKZ\Documents\VSCode Projects\CubeSetlistManager\dist\Cube Setlist Manager\_internal\_tcl_data\tzdata\Etc\GMT-0
   Compressing: C:\Users\XKZ\Documents\VSCode Projects\CubeSetlistManager\dist\Cube Setlist Manager\_internal\_tcl_data\tzdata\Etc\GMT-1
   Compressing: C:\Users\XKZ\Documents\VSCode Projects\CubeSetlistManager\dist\Cube Setlist Manager\_internal\_tcl_data\tzdata\Etc\GMT-10
   Compressing: C:\Users\XKZ\Documents\VSCode Projects\CubeSetlistManager\dist\Cube Setlist Manager\_internal\_tcl_data\tzdata\Etc\GMT-11
   Compressing: C:\Users\XKZ\Documents\VSCode Projects\CubeSetlistManager\dist\Cube Setlist Manager\_internal\_tcl_data\tzdata\Etc\GMT-12
   Compressing: C:\Users\XKZ\Documents\VSCode Projects\CubeSetlistManager\dist\Cube Setlist Manager\_internal\_tcl_data\tzdata\Etc\GMT-13
   Compressing: C:\Users\XKZ\Documents\VSCode Projects\CubeSetlistManager\dist\Cube Setlist Manager\_internal\_tcl_data\tzdata\Etc\GMT-14
   Compressing: C:\Users\XKZ\Documents\VSCode Projects\CubeSetlistManager\dist\Cube Setlist Manager\_internal\_tcl_data\tzdata\Etc\GMT-2
   Compressing: C:\Users\XKZ\Documents\VSCode Projects\CubeSetlistManager\dist\Cube Setlist Manager\_internal\_tcl_data\tzdata\Etc\GMT-3
   Compressing: C:\Users\XKZ\Documents\VSCode Projects\CubeSetlistManager\dist\Cube Setlist Manager\_internal\_tcl_data\tzdata\Etc\GMT-4
   Compressing: C:\Users\XKZ\Documents\VSCode Projects\CubeSetlistManager\dist\Cube Setlist Manager\_internal\_tcl_data\tzdata\Etc\GMT-5
   Compressing: C:\Users\XKZ\Documents\VSCode Projects\CubeSetlistManager\dist\Cube Setlist Manager\_internal\_tcl_data\tzdata\Etc\GMT-6
   Compressing: C:\Users\XKZ\Documents\VSCode Projects\CubeSetlistManager\dist\Cube Setlist Manager\_internal\_tcl_data\tzdata\Etc\GMT-7
   Compressing: C:\Users\XKZ\Documents\VSCode Projects\CubeSetlistManager\dist\Cube Setlist Manager\_internal\_tcl_data\tzdata\Etc\GMT-8
   Compressing: C:\Users\XKZ\Documents\VSCode Projects\CubeSetlistManager\dist\Cube Setlist Manager\_internal\_tcl_data\tzdata\Etc\GMT-9
   Compressing: C:\Users\XKZ\Documents\VSCode Projects\CubeSetlistManager\dist\Cube Setlist Manager\_internal\_tcl_data\tzdata\Etc\GMT0
   Compressing: C:\Users\XKZ\Documents\VSCode Projects\CubeSetlistManager\dist\Cube Setlist Manager\_internal\_tcl_data\tzdata\Etc\Greenwich
   Compressing: C:\Users\XKZ\Documents\VSCode Projects\CubeSetlistManager\dist\Cube Setlist Manager\_internal\_tcl_data\tzdata\Etc\UCT
   Compressing: C:\Users\XKZ\Documents\VSCode Projects\CubeSetlistManager\dist\Cube Setlist Manager\_internal\_tcl_data\tzdata\Etc\Universal
   Compressing: C:\Users\XKZ\Documents\VSCode Projects\CubeSetlistManager\dist\Cube Setlist Manager\_internal\_tcl_data\tzdata\Etc\UTC
   Compressing: C:\Users\XKZ\Documents\VSCode Projects\CubeSetlistManager\dist\Cube Setlist Manager\_internal\_tcl_data\tzdata\Etc\Zulu
   Compressing: C:\Users\XKZ\Documents\VSCode Projects\CubeSetlistManager\dist\Cube Setlist Manager\_internal\_tcl_data\tzdata\Europe\Amsterdam
   Compressing: C:\Users\XKZ\Documents\VSCode Projects\CubeSetlistManager\dist\Cube Setlist Manager\_internal\_tcl_data\tzdata\Europe\Andorra
   Compressing: C:\Users\XKZ\Documents\VSCode Projects\CubeSetlistManager\dist\Cube Setlist Manager\_internal\_tcl_data\tzdata\Europe\Astrakhan
   Compressing: C:\Users\XKZ\Documents\VSCode Projects\CubeSetlistManager\dist\Cube Setlist Manager\_internal\_tcl_data\tzdata\Europe\Athens
   Compressing: C:\Users\XKZ\Documents\VSCode Projects\CubeSetlistManager\dist\Cube Setlist Manager\_internal\_tcl_data\tzdata\Europe\Belfast
   Compressing: C:\Users\XKZ\Documents\VSCode Projects\CubeSetlistManager\dist\Cube Setlist Manager\_internal\_tcl_data\tzdata\Europe\Belgrade
   Compressing: C:\Users\XKZ\Documents\VSCode Projects\CubeSetlistManager\dist\Cube Setlist Manager\_internal\_tcl_data\tzdata\Europe\Berlin
   Compressing: C:\Users\XKZ\Documents\VSCode Projects\CubeSetlistManager\dist\Cube Setlist Manager\_internal\_tcl_data\tzdata\Europe\Bratislava
   Compressing: C:\Users\XKZ\Documents\VSCode Projects\CubeSetlistManager\dist\Cube Setlist Manager\_internal\_tcl_data\tzdata\Europe\Brussels
   Compressing: C:\Users\XKZ\Documents\VSCode Projects\CubeSetlistManager\dist\Cube Setlist Manager\_internal\_tcl_data\tzdata\Europe\Bucharest
   Compressing: C:\Users\XKZ\Documents\VSCode Projects\CubeSetlistManager\dist\Cube Setlist Manager\_internal\_tcl_data\tzdata\Europe\Budapest
   Compressing: C:\Users\XKZ\Documents\VSCode Projects\CubeSetlistManager\dist\Cube Setlist Manager\_internal\_tcl_data\tzdata\Europe\Busingen
   Compressing: C:\Users\XKZ\Documents\VSCode Projects\CubeSetlistManager\dist\Cube Setlist Manager\_internal\_tcl_data\tzdata\Europe\Chisinau
   Compressing: C:\Users\XKZ\Documents\VSCode Projects\CubeSetlistManager\dist\Cube Setlist Manager\_internal\_tcl_data\tzdata\Europe\Copenhagen
   Compressing: C:\Users\XKZ\Documents\VSCode Projects\CubeSetlistManager\dist\Cube Setlist Manager\_internal\_tcl_data\tzdata\Europe\Dublin
   Compressing: C:\Users\XKZ\Documents\VSCode Projects\CubeSetlistManager\dist\Cube Setlist Manager\_internal\_tcl_data\tzdata\Europe\Gibraltar
   Compressing: C:\Users\XKZ\Documents\VSCode Projects\CubeSetlistManager\dist\Cube Setlist Manager\_internal\_tcl_data\tzdata\Europe\Guernsey
   Compressing: C:\Users\XKZ\Documents\VSCode Projects\CubeSetlistManager\dist\Cube Setlist Manager\_internal\_tcl_data\tzdata\Europe\Helsinki
   Compressing: C:\Users\XKZ\Documents\VSCode Projects\CubeSetlistManager\dist\Cube Setlist Manager\_internal\_tcl_data\tzdata\Europe\Isle_of_Man
   Compressing: C:\Users\XKZ\Documents\VSCode Projects\CubeSetlistManager\dist\Cube Setlist Manager\_internal\_tcl_data\tzdata\Europe\Istanbul
   Compressing: C:\Users\XKZ\Documents\VSCode Projects\CubeSetlistManager\dist\Cube Setlist Manager\_internal\_tcl_data\tzdata\Europe\Jersey
   Compressing: C:\Users\XKZ\Documents\VSCode Projects\CubeSetlistManager\dist\Cube Setlist Manager\_internal\_tcl_data\tzdata\Europe\Kaliningrad
   Compressing: C:\Users\XKZ\Documents\VSCode Projects\CubeSetlistManager\dist\Cube Setlist Manager\_internal\_tcl_data\tzdata\Europe\Kiev
   Compressing: C:\Users\XKZ\Documents\VSCode Projects\CubeSetlistManager\dist\Cube Setlist Manager\_internal\_tcl_data\tzdata\Europe\Kirov
   Compressing: C:\Users\XKZ\Documents\VSCode Projects\CubeSetlistManager\dist\Cube Setlist Manager\_internal\_tcl_data\tzdata\Europe\Kyiv
   Compressing: C:\Users\XKZ\Documents\VSCode Projects\CubeSetlistManager\dist\Cube Setlist Manager\_internal\_tcl_data\tzdata\Europe\Lisbon
   Compressing: C:\Users\XKZ\Documents\VSCode Projects\CubeSetlistManager\dist\Cube Setlist Manager\_internal\_tcl_data\tzdata\Europe\Ljubljana
   Compressing: C:\Users\XKZ\Documents\VSCode Projects\CubeSetlistManager\dist\Cube Setlist Manager\_internal\_tcl_data\tzdata\Europe\London
   Compressing: C:\Users\XKZ\Documents\VSCode Projects\CubeSetlistManager\dist\Cube Setlist Manager\_internal\_tcl_data\tzdata\Europe\Luxembourg
   Compressing: C:\Users\XKZ\Documents\VSCode Projects\CubeSetlistManager\dist\Cube Setlist Manager\_internal\_tcl_data\tzdata\Europe\Madrid
   Compressing: C:\Users\XKZ\Documents\VSCode Projects\CubeSetlistManager\dist\Cube Setlist Manager\_internal\_tcl_data\tzdata\Europe\Malta
   Compressing: C:\Users\XKZ\Documents\VSCode Projects\CubeSetlistManager\dist\Cube Setlist Manager\_internal\_tcl_data\tzdata\Europe\Mariehamn
   Compressing: C:\Users\XKZ\Documents\VSCode Projects\CubeSetlistManager\dist\Cube Setlist Manager\_internal\_tcl_data\tzdata\Europe\Minsk
   Compressing: C:\Users\XKZ\Documents\VSCode Projects\CubeSetlistManager\dist\Cube Setlist Manager\_internal\_tcl_data\tzdata\Europe\Monaco
   Compressing: C:\Users\XKZ\Documents\VSCode Projects\CubeSetlistManager\dist\Cube Setlist Manager\_internal\_tcl_data\tzdata\Europe\Moscow
   Compressing: C:\Users\XKZ\Documents\VSCode Projects\CubeSetlistManager\dist\Cube Setlist Manager\_internal\_tcl_data\tzdata\Europe\Nicosia
   Compressing: C:\Users\XKZ\Documents\VSCode Projects\CubeSetlistManager\dist\Cube Setlist Manager\_internal\_tcl_data\tzdata\Europe\Oslo
   Compressing: C:\Users\XKZ\Documents\VSCode Projects\CubeSetlistManager\dist\Cube Setlist Manager\_internal\_tcl_data\tzdata\Europe\Paris
   Compressing: C:\Users\XKZ\Documents\VSCode Projects\CubeSetlistManager\dist\Cube Setlist Manager\_internal\_tcl_data\tzdata\Europe\Podgorica
   Compressing: C:\Users\XKZ\Documents\VSCode Projects\CubeSetlistManager\dist\Cube Setlist Manager\_internal\_tcl_data\tzdata\Europe\Prague
   Compressing: C:\Users\XKZ\Documents\VSCode Projects\CubeSetlistManager\dist\Cube Setlist Manager\_internal\_tcl_data\tzdata\Europe\Riga
   Compressing: C:\Users\XKZ\Documents\VSCode Projects\CubeSetlistManager\dist\Cube Setlist Manager\_internal\_tcl_data\tzdata\Europe\Rome
   Compressing: C:\Users\XKZ\Documents\VSCode Projects\CubeSetlistManager\dist\Cube Setlist Manager\_internal\_tcl_data\tzdata\Europe\Samara
   Compressing: C:\Users\XKZ\Documents\VSCode Projects\CubeSetlistManager\dist\Cube Setlist Manager\_internal\_tcl_data\tzdata\Europe\San_Marino
   Compressing: C:\Users\XKZ\Documents\VSCode Projects\CubeSetlistManager\dist\Cube Setlist Manager\_internal\_tcl_data\tzdata\Europe\Sarajevo
   Compressing: C:\Users\XKZ\Documents\VSCode Projects\CubeSetlistManager\dist\Cube Setlist Manager\_internal\_tcl_data\tzdata\Europe\Saratov
   Compressing: C:\Users\XKZ\Documents\VSCode Projects\CubeSetlistManager\dist\Cube Setlist Manager\_internal\_tcl_data\tzdata\Europe\Simferopol
   Compressing: C:\Users\XKZ\Documents\VSCode Projects\CubeSetlistManager\dist\Cube Setlist Manager\_internal\_tcl_data\tzdata\Europe\Skopje
   Compressing: C:\Users\XKZ\Documents\VSCode Projects\CubeSetlistManager\dist\Cube Setlist Manager\_internal\_tcl_data\tzdata\Europe\Sofia
   Compressing: C:\Users\XKZ\Documents\VSCode Projects\CubeSetlistManager\dist\Cube Setlist Manager\_internal\_tcl_data\tzdata\Europe\Stockholm
   Compressing: C:\Users\XKZ\Documents\VSCode Projects\CubeSetlistManager\dist\Cube Setlist Manager\_internal\_tcl_data\tzdata\Europe\Tallinn
   Compressing: C:\Users\XKZ\Documents\VSCode Projects\CubeSetlistManager\dist\Cube Setlist Manager\_internal\_tcl_data\tzdata\Europe\Tirane
   Compressing: C:\Users\XKZ\Documents\VSCode Projects\CubeSetlistManager\dist\Cube Setlist Manager\_internal\_tcl_data\tzdata\Europe\Tiraspol
   Compressing: C:\Users\XKZ\Documents\VSCode Projects\CubeSetlistManager\dist\Cube Setlist Manager\_internal\_tcl_data\tzdata\Europe\Ulyanovsk
   Compressing: C:\Users\XKZ\Documents\VSCode Projects\CubeSetlistManager\dist\Cube Setlist Manager\_internal\_tcl_data\tzdata\Europe\Uzhgorod
   Compressing: C:\Users\XKZ\Documents\VSCode Projects\CubeSetlistManager\dist\Cube Setlist Manager\_internal\_tcl_data\tzdata\Europe\Vaduz
   Compressing: C:\Users\XKZ\Documents\VSCode Projects\CubeSetlistManager\dist\Cube Setlist Manager\_internal\_tcl_data\tzdata\Europe\Vatican
   Compressing: C:\Users\XKZ\Documents\VSCode Projects\CubeSetlistManager\dist\Cube Setlist Manager\_internal\_tcl_data\tzdata\Europe\Vienna
   Compressing: C:\Users\XKZ\Documents\VSCode Projects\CubeSetlistManager\dist\Cube Setlist Manager\_internal\_tcl_data\tzdata\Europe\Vilnius
   Compressing: C:\Users\XKZ\Documents\VSCode Projects\CubeSetlistManager\dist\Cube Setlist Manager\_internal\_tcl_data\tzdata\Europe\Volgograd
   Compressing: C:\Users\XKZ\Documents\VSCode Projects\CubeSetlistManager\dist\Cube Setlist Manager\_internal\_tcl_data\tzdata\Europe\Warsaw
   Compressing: C:\Users\XKZ\Documents\VSCode Projects\CubeSetlistManager\dist\Cube Setlist Manager\_internal\_tcl_data\tzdata\Europe\Zagreb
   Compressing: C:\Users\XKZ\Documents\VSCode Projects\CubeSetlistManager\dist\Cube Setlist Manager\_internal\_tcl_data\tzdata\Europe\Zaporozhye
   Compressing: C:\Users\XKZ\Documents\VSCode Projects\CubeSetlistManager\dist\Cube Setlist Manager\_internal\_tcl_data\tzdata\Europe\Zurich
   Compressing: C:\Users\XKZ\Documents\VSCode Projects\CubeSetlistManager\dist\Cube Setlist Manager\_internal\_tcl_data\tzdata\Indian\Antananarivo
   Compressing: C:\Users\XKZ\Documents\VSCode Projects\CubeSetlistManager\dist\Cube Setlist Manager\_internal\_tcl_data\tzdata\Indian\Chagos
   Compressing: C:\Users\XKZ\Documents\VSCode Projects\CubeSetlistManager\dist\Cube Setlist Manager\_internal\_tcl_data\tzdata\Indian\Christmas
   Compressing: C:\Users\XKZ\Documents\VSCode Projects\CubeSetlistManager\dist\Cube Setlist Manager\_internal\_tcl_data\tzdata\Indian\Cocos
   Compressing: C:\Users\XKZ\Documents\VSCode Projects\CubeSetlistManager\dist\Cube Setlist Manager\_internal\_tcl_data\tzdata\Indian\Comoro
   Compressing: C:\Users\XKZ\Documents\VSCode Projects\CubeSetlistManager\dist\Cube Setlist Manager\_internal\_tcl_data\tzdata\Indian\Kerguelen
   Compressing: C:\Users\XKZ\Documents\VSCode Projects\CubeSetlistManager\dist\Cube Setlist Manager\_internal\_tcl_data\tzdata\Indian\Mahe
   Compressing: C:\Users\XKZ\Documents\VSCode Projects\CubeSetlistManager\dist\Cube Setlist Manager\_internal\_tcl_data\tzdata\Indian\Maldives
   Compressing: C:\Users\XKZ\Documents\VSCode Projects\CubeSetlistManager\dist\Cube Setlist Manager\_internal\_tcl_data\tzdata\Indian\Mauritius
   Compressing: C:\Users\XKZ\Documents\VSCode Projects\CubeSetlistManager\dist\Cube Setlist Manager\_internal\_tcl_data\tzdata\Indian\Mayotte
   Compressing: C:\Users\XKZ\Documents\VSCode Projects\CubeSetlistManager\dist\Cube Setlist Manager\_internal\_tcl_data\tzdata\Indian\Reunion
   Compressing: C:\Users\XKZ\Documents\VSCode Projects\CubeSetlistManager\dist\Cube Setlist Manager\_internal\_tcl_data\tzdata\Mexico\BajaNorte
   Compressing: C:\Users\XKZ\Documents\VSCode Projects\CubeSetlistManager\dist\Cube Setlist Manager\_internal\_tcl_data\tzdata\Mexico\BajaSur
   Compressing: C:\Users\XKZ\Documents\VSCode Projects\CubeSetlistManager\dist\Cube Setlist Manager\_internal\_tcl_data\tzdata\Mexico\General
   Compressing: C:\Users\XKZ\Documents\VSCode Projects\CubeSetlistManager\dist\Cube Setlist Manager\_internal\_tcl_data\tzdata\Pacific\Apia
   Compressing: C:\Users\XKZ\Documents\VSCode Projects\CubeSetlistManager\dist\Cube Setlist Manager\_internal\_tcl_data\tzdata\Pacific\Auckland
   Compressing: C:\Users\XKZ\Documents\VSCode Projects\CubeSetlistManager\dist\Cube Setlist Manager\_internal\_tcl_data\tzdata\Pacific\Bougainville
   Compressing: C:\Users\XKZ\Documents\VSCode Projects\CubeSetlistManager\dist\Cube Setlist Manager\_internal\_tcl_data\tzdata\Pacific\Chatham
   Compressing: C:\Users\XKZ\Documents\VSCode Projects\CubeSetlistManager\dist\Cube Setlist Manager\_internal\_tcl_data\tzdata\Pacific\Chuuk
   Compressing: C:\Users\XKZ\Documents\VSCode Projects\CubeSetlistManager\dist\Cube Setlist Manager\_internal\_tcl_data\tzdata\Pacific\Easter
   Compressing: C:\Users\XKZ\Documents\VSCode Projects\CubeSetlistManager\dist\Cube Setlist Manager\_internal\_tcl_data\tzdata\Pacific\Efate
   Compressing: C:\Users\XKZ\Documents\VSCode Projects\CubeSetlistManager\dist\Cube Setlist Manager\_internal\_tcl_data\tzdata\Pacific\Enderbury
   Compressing: C:\Users\XKZ\Documents\VSCode Projects\CubeSetlistManager\dist\Cube Setlist Manager\_internal\_tcl_data\tzdata\Pacific\Fakaofo
   Compressing: C:\Users\XKZ\Documents\VSCode Projects\CubeSetlistManager\dist\Cube Setlist Manager\_internal\_tcl_data\tzdata\Pacific\Fiji
   Compressing: C:\Users\XKZ\Documents\VSCode Projects\CubeSetlistManager\dist\Cube Setlist Manager\_internal\_tcl_data\tzdata\Pacific\Funafuti
   Compressing: C:\Users\XKZ\Documents\VSCode Projects\CubeSetlistManager\dist\Cube Setlist Manager\_internal\_tcl_data\tzdata\Pacific\Galapagos
   Compressing: C:\Users\XKZ\Documents\VSCode Projects\CubeSetlistManager\dist\Cube Setlist Manager\_internal\_tcl_data\tzdata\Pacific\Gambier
   Compressing: C:\Users\XKZ\Documents\VSCode Projects\CubeSetlistManager\dist\Cube Setlist Manager\_internal\_tcl_data\tzdata\Pacific\Guadalcanal
   Compressing: C:\Users\XKZ\Documents\VSCode Projects\CubeSetlistManager\dist\Cube Setlist Manager\_internal\_tcl_data\tzdata\Pacific\Guam
   Compressing: C:\Users\XKZ\Documents\VSCode Projects\CubeSetlistManager\dist\Cube Setlist Manager\_internal\_tcl_data\tzdata\Pacific\Honolulu
   Compressing: C:\Users\XKZ\Documents\VSCode Projects\CubeSetlistManager\dist\Cube Setlist Manager\_internal\_tcl_data\tzdata\Pacific\Johnston
   Compressing: C:\Users\XKZ\Documents\VSCode Projects\CubeSetlistManager\dist\Cube Setlist Manager\_internal\_tcl_data\tzdata\Pacific\Kanton
   Compressing: C:\Users\XKZ\Documents\VSCode Projects\CubeSetlistManager\dist\Cube Setlist Manager\_internal\_tcl_data\tzdata\Pacific\Kiritimati
   Compressing: C:\Users\XKZ\Documents\VSCode Projects\CubeSetlistManager\dist\Cube Setlist Manager\_internal\_tcl_data\tzdata\Pacific\Kosrae
   Compressing: C:\Users\XKZ\Documents\VSCode Projects\CubeSetlistManager\dist\Cube Setlist Manager\_internal\_tcl_data\tzdata\Pacific\Kwajalein
   Compressing: C:\Users\XKZ\Documents\VSCode Projects\CubeSetlistManager\dist\Cube Setlist Manager\_internal\_tcl_data\tzdata\Pacific\Majuro
   Compressing: C:\Users\XKZ\Documents\VSCode Projects\CubeSetlistManager\dist\Cube Setlist Manager\_internal\_tcl_data\tzdata\Pacific\Marquesas
   Compressing: C:\Users\XKZ\Documents\VSCode Projects\CubeSetlistManager\dist\Cube Setlist Manager\_internal\_tcl_data\tzdata\Pacific\Midway
   Compressing: C:\Users\XKZ\Documents\VSCode Projects\CubeSetlistManager\dist\Cube Setlist Manager\_internal\_tcl_data\tzdata\Pacific\Nauru
   Compressing: C:\Users\XKZ\Documents\VSCode Projects\CubeSetlistManager\dist\Cube Setlist Manager\_internal\_tcl_data\tzdata\Pacific\Niue
   Compressing: C:\Users\XKZ\Documents\VSCode Projects\CubeSetlistManager\dist\Cube Setlist Manager\_internal\_tcl_data\tzdata\Pacific\Norfolk
   Compressing: C:\Users\XKZ\Documents\VSCode Projects\CubeSetlistManager\dist\Cube Setlist Manager\_internal\_tcl_data\tzdata\Pacific\Noumea
   Compressing: C:\Users\XKZ\Documents\VSCode Projects\CubeSetlistManager\dist\Cube Setlist Manager\_internal\_tcl_data\tzdata\Pacific\Pago_Pago
   Compressing: C:\Users\XKZ\Documents\VSCode Projects\CubeSetlistManager\dist\Cube Setlist Manager\_internal\_tcl_data\tzdata\Pacific\Palau
   Compressing: C:\Users\XKZ\Documents\VSCode Projects\CubeSetlistManager\dist\Cube Setlist Manager\_internal\_tcl_data\tzdata\Pacific\Pitcairn
   Compressing: C:\Users\XKZ\Documents\VSCode Projects\CubeSetlistManager\dist\Cube Setlist Manager\_internal\_tcl_data\tzdata\Pacific\Pohnpei
   Compressing: C:\Users\XKZ\Documents\VSCode Projects\CubeSetlistManager\dist\Cube Setlist Manager\_internal\_tcl_data\tzdata\Pacific\Ponape
   Compressing: C:\Users\XKZ\Documents\VSCode Projects\CubeSetlistManager\dist\Cube Setlist Manager\_internal\_tcl_data\tzdata\Pacific\Port_Moresby
   Compressing: C:\Users\XKZ\Documents\VSCode Projects\CubeSetlistManager\dist\Cube Setlist Manager\_internal\_tcl_data\tzdata\Pacific\Rarotonga
   Compressing: C:\Users\XKZ\Documents\VSCode Projects\CubeSetlistManager\dist\Cube Setlist Manager\_internal\_tcl_data\tzdata\Pacific\Saipan
   Compressing: C:\Users\XKZ\Documents\VSCode Projects\CubeSetlistManager\dist\Cube Setlist Manager\_internal\_tcl_data\tzdata\Pacific\Samoa
   Compressing: C:\Users\XKZ\Documents\VSCode Projects\CubeSetlistManager\dist\Cube Setlist Manager\_internal\_tcl_data\tzdata\Pacific\Tahiti
   Compressing: C:\Users\XKZ\Documents\VSCode Projects\CubeSetlistManager\dist\Cube Setlist Manager\_internal\_tcl_data\tzdata\Pacific\Tarawa
   Compressing: C:\Users\XKZ\Documents\VSCode Projects\CubeSetlistManager\dist\Cube Setlist Manager\_internal\_tcl_data\tzdata\Pacific\Tongatapu
   Compressing: C:\Users\XKZ\Documents\VSCode Projects\CubeSetlistManager\dist\Cube Setlist Manager\_internal\_tcl_data\tzdata\Pacific\Truk
   Compressing: C:\Users\XKZ\Documents\VSCode Projects\CubeSetlistManager\dist\Cube Setlist Manager\_internal\_tcl_data\tzdata\Pacific\Wake
   Compressing: C:\Users\XKZ\Documents\VSCode Projects\CubeSetlistManager\dist\Cube Setlist Manager\_internal\_tcl_data\tzdata\Pacific\Wallis
   Compressing: C:\Users\XKZ\Documents\VSCode Projects\CubeSetlistManager\dist\Cube Setlist Manager\_internal\_tcl_data\tzdata\Pacific\Yap
   Compressing: C:\Users\XKZ\Documents\VSCode Projects\CubeSetlistManager\dist\Cube Setlist Manager\_internal\_tcl_data\tzdata\SystemV\AST4
   Compressing: C:\Users\XKZ\Documents\VSCode Projects\CubeSetlistManager\dist\Cube Setlist Manager\_internal\_tcl_data\tzdata\SystemV\AST4ADT
   Compressing: C:\Users\XKZ\Documents\VSCode Projects\CubeSetlistManager\dist\Cube Setlist Manager\_internal\_tcl_data\tzdata\SystemV\CST6
   Compressing: C:\Users\XKZ\Documents\VSCode Projects\CubeSetlistManager\dist\Cube Setlist Manager\_internal\_tcl_data\tzdata\SystemV\CST6CDT
   Compressing: C:\Users\XKZ\Documents\VSCode Projects\CubeSetlistManager\dist\Cube Setlist Manager\_internal\_tcl_data\tzdata\SystemV\EST5
   Compressing: C:\Users\XKZ\Documents\VSCode Projects\CubeSetlistManager\dist\Cube Setlist Manager\_internal\_tcl_data\tzdata\SystemV\EST5EDT
   Compressing: C:\Users\XKZ\Documents\VSCode Projects\CubeSetlistManager\dist\Cube Setlist Manager\_internal\_tcl_data\tzdata\SystemV\HST10
   Compressing: C:\Users\XKZ\Documents\VSCode Projects\CubeSetlistManager\dist\Cube Setlist Manager\_internal\_tcl_data\tzdata\SystemV\MST7
   Compressing: C:\Users\XKZ\Documents\VSCode Projects\CubeSetlistManager\dist\Cube Setlist Manager\_internal\_tcl_data\tzdata\SystemV\MST7MDT
   Compressing: C:\Users\XKZ\Documents\VSCode Projects\CubeSetlistManager\dist\Cube Setlist Manager\_internal\_tcl_data\tzdata\SystemV\PST8
   Compressing: C:\Users\XKZ\Documents\VSCode Projects\CubeSetlistManager\dist\Cube Setlist Manager\_internal\_tcl_data\tzdata\SystemV\PST8PDT
   Compressing: C:\Users\XKZ\Documents\VSCode Projects\CubeSetlistManager\dist\Cube Setlist Manager\_internal\_tcl_data\tzdata\SystemV\YST9
   Compressing: C:\Users\XKZ\Documents\VSCode Projects\CubeSetlistManager\dist\Cube Setlist Manager\_internal\_tcl_data\tzdata\SystemV\YST9YDT
   Compressing: C:\Users\XKZ\Documents\VSCode Projects\CubeSetlistManager\dist\Cube Setlist Manager\_internal\_tcl_data\tzdata\US\Alaska
   Compressing: C:\Users\XKZ\Documents\VSCode Projects\CubeSetlistManager\dist\Cube Setlist Manager\_internal\_tcl_data\tzdata\US\Aleutian
   Compressing: C:\Users\XKZ\Documents\VSCode Projects\CubeSetlistManager\dist\Cube Setlist Manager\_internal\_tcl_data\tzdata\US\Arizona
   Compressing: C:\Users\XKZ\Documents\VSCode Projects\CubeSetlistManager\dist\Cube Setlist Manager\_internal\_tcl_data\tzdata\US\Central
   Compressing: C:\Users\XKZ\Documents\VSCode Projects\CubeSetlistManager\dist\Cube Setlist Manager\_internal\_tcl_data\tzdata\US\East-Indiana
   Compressing: C:\Users\XKZ\Documents\VSCode Projects\CubeSetlistManager\dist\Cube Setlist Manager\_internal\_tcl_data\tzdata\US\Eastern
   Compressing: C:\Users\XKZ\Documents\VSCode Projects\CubeSetlistManager\dist\Cube Setlist Manager\_internal\_tcl_data\tzdata\US\Hawaii
   Compressing: C:\Users\XKZ\Documents\VSCode Projects\CubeSetlistManager\dist\Cube Setlist Manager\_internal\_tcl_data\tzdata\US\Indiana-Starke
   Compressing: C:\Users\XKZ\Documents\VSCode Projects\CubeSetlistManager\dist\Cube Setlist Manager\_internal\_tcl_data\tzdata\US\Michigan
   Compressing: C:\Users\XKZ\Documents\VSCode Projects\CubeSetlistManager\dist\Cube Setlist Manager\_internal\_tcl_data\tzdata\US\Mountain
   Compressing: C:\Users\XKZ\Documents\VSCode Projects\CubeSetlistManager\dist\Cube Setlist Manager\_internal\_tcl_data\tzdata\US\Pacific
   Compressing: C:\Users\XKZ\Documents\VSCode Projects\CubeSetlistManager\dist\Cube Setlist Manager\_internal\_tcl_data\tzdata\US\Samoa
   Compressing: C:\Users\XKZ\Documents\VSCode Projects\CubeSetlistManager\dist\Cube Setlist Manager\_internal\_tk_data\bgerror.tcl
   Compressing: C:\Users\XKZ\Documents\VSCode Projects\CubeSetlistManager\dist\Cube Setlist Manager\_internal\_tk_data\button.tcl
   Compressing: C:\Users\XKZ\Documents\VSCode Projects\CubeSetlistManager\dist\Cube Setlist Manager\_internal\_tk_data\choosedir.tcl
   Compressing: C:\Users\XKZ\Documents\VSCode Projects\CubeSetlistManager\dist\Cube Setlist Manager\_internal\_tk_data\clrpick.tcl
   Compressing: C:\Users\XKZ\Documents\VSCode Projects\CubeSetlistManager\dist\Cube Setlist Manager\_internal\_tk_data\comdlg.tcl
   Compressing: C:\Users\XKZ\Documents\VSCode Projects\CubeSetlistManager\dist\Cube Setlist Manager\_internal\_tk_data\console.tcl
   Compressing: C:\Users\XKZ\Documents\VSCode Projects\CubeSetlistManager\dist\Cube Setlist Manager\_internal\_tk_data\dialog.tcl
   Compressing: C:\Users\XKZ\Documents\VSCode Projects\CubeSetlistManager\dist\Cube Setlist Manager\_internal\_tk_data\entry.tcl
   Compressing: C:\Users\XKZ\Documents\VSCode Projects\CubeSetlistManager\dist\Cube Setlist Manager\_internal\_tk_data\focus.tcl
   Compressing: C:\Users\XKZ\Documents\VSCode Projects\CubeSetlistManager\dist\Cube Setlist Manager\_internal\_tk_data\fontchooser.tcl
   Compressing: C:\Users\XKZ\Documents\VSCode Projects\CubeSetlistManager\dist\Cube Setlist Manager\_internal\_tk_data\iconlist.tcl
   Compressing: C:\Users\XKZ\Documents\VSCode Projects\CubeSetlistManager\dist\Cube Setlist Manager\_internal\_tk_data\icons.tcl
   Compressing: C:\Users\XKZ\Documents\VSCode Projects\CubeSetlistManager\dist\Cube Setlist Manager\_internal\_tk_data\license.terms
   Compressing: C:\Users\XKZ\Documents\VSCode Projects\CubeSetlistManager\dist\Cube Setlist Manager\_internal\_tk_data\listbox.tcl
   Compressing: C:\Users\XKZ\Documents\VSCode Projects\CubeSetlistManager\dist\Cube Setlist Manager\_internal\_tk_data\megawidget.tcl
   Compressing: C:\Users\XKZ\Documents\VSCode Projects\CubeSetlistManager\dist\Cube Setlist Manager\_internal\_tk_data\menu.tcl
   Compressing: C:\Users\XKZ\Documents\VSCode Projects\CubeSetlistManager\dist\Cube Setlist Manager\_internal\_tk_data\mkpsenc.tcl
   Compressing: C:\Users\XKZ\Documents\VSCode Projects\CubeSetlistManager\dist\Cube Setlist Manager\_internal\_tk_data\msgbox.tcl
   Compressing: C:\Users\XKZ\Documents\VSCode Projects\CubeSetlistManager\dist\Cube Setlist Manager\_internal\_tk_data\obsolete.tcl
   Compressing: C:\Users\XKZ\Documents\VSCode Projects\CubeSetlistManager\dist\Cube Setlist Manager\_internal\_tk_data\optMenu.tcl
   Compressing: C:\Users\XKZ\Documents\VSCode Projects\CubeSetlistManager\dist\Cube Setlist Manager\_internal\_tk_data\palette.tcl
   Compressing: C:\Users\XKZ\Documents\VSCode Projects\CubeSetlistManager\dist\Cube Setlist Manager\_internal\_tk_data\panedwindow.tcl
   Compressing: C:\Users\XKZ\Documents\VSCode Projects\CubeSetlistManager\dist\Cube Setlist Manager\_internal\_tk_data\pkgIndex.tcl
   Compressing: C:\Users\XKZ\Documents\VSCode Projects\CubeSetlistManager\dist\Cube Setlist Manager\_internal\_tk_data\safetk.tcl
   Compressing: C:\Users\XKZ\Documents\VSCode Projects\CubeSetlistManager\dist\Cube Setlist Manager\_internal\_tk_data\scale.tcl
   Compressing: C:\Users\XKZ\Documents\VSCode Projects\CubeSetlistManager\dist\Cube Setlist Manager\_internal\_tk_data\scrlbar.tcl
   Compressing: C:\Users\XKZ\Documents\VSCode Projects\CubeSetlistManager\dist\Cube Setlist Manager\_internal\_tk_data\spinbox.tcl
   Compressing: C:\Users\XKZ\Documents\VSCode Projects\CubeSetlistManager\dist\Cube Setlist Manager\_internal\_tk_data\tclIndex
   Compressing: C:\Users\XKZ\Documents\VSCode Projects\CubeSetlistManager\dist\Cube Setlist Manager\_internal\_tk_data\tearoff.tcl
   Compressing: C:\Users\XKZ\Documents\VSCode Projects\CubeSetlistManager\dist\Cube Setlist Manager\_internal\_tk_data\text.tcl
   Compressing: C:\Users\XKZ\Documents\VSCode Projects\CubeSetlistManager\dist\Cube Setlist Manager\_internal\_tk_data\tk.tcl
   Compressing: C:\Users\XKZ\Documents\VSCode Projects\CubeSetlistManager\dist\Cube Setlist Manager\_internal\_tk_data\tkfbox.tcl
   Compressing: C:\Users\XKZ\Documents\VSCode Projects\CubeSetlistManager\dist\Cube Setlist Manager\_internal\_tk_data\unsupported.tcl
   Compressing: C:\Users\XKZ\Documents\VSCode Projects\CubeSetlistManager\dist\Cube Setlist Manager\_internal\_tk_data\xmfbox.tcl
   Compressing: C:\Users\XKZ\Documents\VSCode Projects\CubeSetlistManager\dist\Cube Setlist Manager\_internal\_tk_data\images\logo.eps
   Compressing: C:\Users\XKZ\Documents\VSCode Projects\CubeSetlistManager\dist\Cube Setlist Manager\_internal\_tk_data\images\logo100.gif
   Compressing: C:\Users\XKZ\Documents\VSCode Projects\CubeSetlistManager\dist\Cube Setlist Manager\_internal\_tk_data\images\logo64.gif
   Compressing: C:\Users\XKZ\Documents\VSCode Projects\CubeSetlistManager\dist\Cube Setlist Manager\_internal\_tk_data\images\logoLarge.gif
   Compressing: C:\Users\XKZ\Documents\VSCode Projects\CubeSetlistManager\dist\Cube Setlist Manager\_internal\_tk_data\images\logoMed.gif
   Compressing: C:\Users\XKZ\Documents\VSCode Projects\CubeSetlistManager\dist\Cube Setlist Manager\_internal\_tk_data\images\pwrdLogo.eps
   Compressing: C:\Users\XKZ\Documents\VSCode Projects\CubeSetlistManager\dist\Cube Setlist Manager\_internal\_tk_data\images\pwrdLogo100.gif
   Compressing: C:\Users\XKZ\Documents\VSCode Projects\CubeSetlistManager\dist\Cube Setlist Manager\_internal\_tk_data\images\pwrdLogo150.gif
   Compressing: C:\Users\XKZ\Documents\VSCode Projects\CubeSetlistManager\dist\Cube Setlist Manager\_internal\_tk_data\images\pwrdLogo175.gif
   Compressing: C:\Users\XKZ\Documents\VSCode Projects\CubeSetlistManager\dist\Cube Setlist Manager\_internal\_tk_data\images\pwrdLogo200.gif
   Compressing: C:\Users\XKZ\Documents\VSCode Projects\CubeSetlistManager\dist\Cube Setlist Manager\_internal\_tk_data\images\pwrdLogo75.gif
   Compressing: C:\Users\XKZ\Documents\VSCode Projects\CubeSetlistManager\dist\Cube Setlist Manager\_internal\_tk_data\images\README
   Compressing: C:\Users\XKZ\Documents\VSCode Projects\CubeSetlistManager\dist\Cube Setlist Manager\_internal\_tk_data\images\tai-ku.gif
   Compressing: C:\Users\XKZ\Documents\VSCode Projects\CubeSetlistManager\dist\Cube Setlist Manager\_internal\_tk_data\msgs\cs.msg
   Compressing: C:\Users\XKZ\Documents\VSCode Projects\CubeSetlistManager\dist\Cube Setlist Manager\_internal\_tk_data\msgs\da.msg
   Compressing: C:\Users\XKZ\Documents\VSCode Projects\CubeSetlistManager\dist\Cube Setlist Manager\_internal\_tk_data\msgs\de.msg
   Compressing: C:\Users\XKZ\Documents\VSCode Projects\CubeSetlistManager\dist\Cube Setlist Manager\_internal\_tk_data\msgs\el.msg
   Compressing: C:\Users\XKZ\Documents\VSCode Projects\CubeSetlistManager\dist\Cube Setlist Manager\_internal\_tk_data\msgs\en.msg
   Compressing: C:\Users\XKZ\Documents\VSCode Projects\CubeSetlistManager\dist\Cube Setlist Manager\_internal\_tk_data\msgs\en_gb.msg
   Compressing: C:\Users\XKZ\Documents\VSCode Projects\CubeSetlistManager\dist\Cube Setlist Manager\_internal\_tk_data\msgs\eo.msg
   Compressing: C:\Users\XKZ\Documents\VSCode Projects\CubeSetlistManager\dist\Cube Setlist Manager\_internal\_tk_data\msgs\es.msg
   Compressing: C:\Users\XKZ\Documents\VSCode Projects\CubeSetlistManager\dist\Cube Setlist Manager\_internal\_tk_data\msgs\fi.msg
   Compressing: C:\Users\XKZ\Documents\VSCode Projects\CubeSetlistManager\dist\Cube Setlist Manager\_internal\_tk_data\msgs\fr.msg
   Compressing: C:\Users\XKZ\Documents\VSCode Projects\CubeSetlistManager\dist\Cube Setlist Manager\_internal\_tk_data\msgs\hu.msg
   Compressing: C:\Users\XKZ\Documents\VSCode Projects\CubeSetlistManager\dist\Cube Setlist Manager\_internal\_tk_data\msgs\it.msg
   Compressing: C:\Users\XKZ\Documents\VSCode Projects\CubeSetlistManager\dist\Cube Setlist Manager\_internal\_tk_data\msgs\nl.msg
   Compressing: C:\Users\XKZ\Documents\VSCode Projects\CubeSetlistManager\dist\Cube Setlist Manager\_internal\_tk_data\msgs\pl.msg
   Compressing: C:\Users\XKZ\Documents\VSCode Projects\CubeSetlistManager\dist\Cube Setlist Manager\_internal\_tk_data\msgs\pt.msg
   Compressing: C:\Users\XKZ\Documents\VSCode Projects\CubeSetlistManager\dist\Cube Setlist Manager\_internal\_tk_data\msgs\ru.msg
   Compressing: C:\Users\XKZ\Documents\VSCode Projects\CubeSetlistManager\dist\Cube Setlist Manager\_internal\_tk_data\msgs\sv.msg
   Compressing: C:\Users\XKZ\Documents\VSCode Projects\CubeSetlistManager\dist\Cube Setlist Manager\_internal\_tk_data\msgs\zh_cn.msg
   Compressing: C:\Users\XKZ\Documents\VSCode Projects\CubeSetlistManager\dist\Cube Setlist Manager\_internal\_tk_data\ttk\altTheme.tcl
   Compressing: C:\Users\XKZ\Documents\VSCode Projects\CubeSetlistManager\dist\Cube Setlist Manager\_internal\_tk_data\ttk\aquaTheme.tcl
   Compressing: C:\Users\XKZ\Documents\VSCode Projects\CubeSetlistManager\dist\Cube Setlist Manager\_internal\_tk_data\ttk\button.tcl
   Compressing: C:\Users\XKZ\Documents\VSCode Projects\CubeSetlistManager\dist\Cube Setlist Manager\_internal\_tk_data\ttk\clamTheme.tcl
   Compressing: C:\Users\XKZ\Documents\VSCode Projects\CubeSetlistManager\dist\Cube Setlist Manager\_internal\_tk_data\ttk\classicTheme.tcl
   Compressing: C:\Users\XKZ\Documents\VSCode Projects\CubeSetlistManager\dist\Cube Setlist Manager\_internal\_tk_data\ttk\combobox.tcl
   Compressing: C:\Users\XKZ\Documents\VSCode Projects\CubeSetlistManager\dist\Cube Setlist Manager\_internal\_tk_data\ttk\cursors.tcl
   Compressing: C:\Users\XKZ\Documents\VSCode Projects\CubeSetlistManager\dist\Cube Setlist Manager\_internal\_tk_data\ttk\defaults.tcl
   Compressing: C:\Users\XKZ\Documents\VSCode Projects\CubeSetlistManager\dist\Cube Setlist Manager\_internal\_tk_data\ttk\entry.tcl
   Compressing: C:\Users\XKZ\Documents\VSCode Projects\CubeSetlistManager\dist\Cube Setlist Manager\_internal\_tk_data\ttk\fonts.tcl
   Compressing: C:\Users\XKZ\Documents\VSCode Projects\CubeSetlistManager\dist\Cube Setlist Manager\_internal\_tk_data\ttk\menubutton.tcl
   Compressing: C:\Users\XKZ\Documents\VSCode Projects\CubeSetlistManager\dist\Cube Setlist Manager\_internal\_tk_data\ttk\notebook.tcl
   Compressing: C:\Users\XKZ\Documents\VSCode Projects\CubeSetlistManager\dist\Cube Setlist Manager\_internal\_tk_data\ttk\panedwindow.tcl
   Compressing: C:\Users\XKZ\Documents\VSCode Projects\CubeSetlistManager\dist\Cube Setlist Manager\_internal\_tk_data\ttk\progress.tcl
   Compressing: C:\Users\XKZ\Documents\VSCode Projects\CubeSetlistManager\dist\Cube Setlist Manager\_internal\_tk_data\ttk\scale.tcl
   Compressing: C:\Users\XKZ\Documents\VSCode Projects\CubeSetlistManager\dist\Cube Setlist Manager\_internal\_tk_data\ttk\scrollbar.tcl
   Compressing: C:\Users\XKZ\Documents\VSCode Projects\CubeSetlistManager\dist\Cube Setlist Manager\_internal\_tk_data\ttk\sizegrip.tcl
   Compressing: C:\Users\XKZ\Documents\VSCode Projects\CubeSetlistManager\dist\Cube Setlist Manager\_internal\_tk_data\ttk\spinbox.tcl
   Compressing: C:\Users\XKZ\Documents\VSCode Projects\CubeSetlistManager\dist\Cube Setlist Manager\_internal\_tk_data\ttk\treeview.tcl
   Compressing: C:\Users\XKZ\Documents\VSCode Projects\CubeSetlistManager\dist\Cube Setlist Manager\_internal\_tk_data\ttk\ttk.tcl
   Compressing: C:\Users\XKZ\Documents\VSCode Projects\CubeSetlistManager\dist\Cube Setlist Manager\_internal\_tk_data\ttk\utils.tcl
   Compressing: C:\Users\XKZ\Documents\VSCode Projects\CubeSetlistManager\dist\Cube Setlist Manager\_internal\_tk_data\ttk\vistaTheme.tcl
   Compressing: C:\Users\XKZ\Documents\VSCode Projects\CubeSetlistManager\dist\Cube Setlist Manager\_internal\_tk_data\ttk\winTheme.tcl
   Compressing: C:\Users\XKZ\Documents\VSCode Projects\CubeSetlistManager\dist\Cube Setlist Manager\_internal\_tk_data\ttk\xpTheme.tcl
   Compressing: C:\Users\XKZ\Documents\VSCode Projects\CubeSetlistManager\config.example.json
   Compressing: C:\Users\XKZ\Documents\VSCode Projects\CubeSetlistManager\README.md
   Compressing: C:\Users\XKZ\Documents\VSCode Projects\CubeSetlistManager\dist\Cube Setlist Manager\CubeRemote.apk
   Compressing Setup program executable
   Updating version info (Setup.exe)
   Updating manifest (Setup.exe)


Successful compile (11.703 sec). Resulting Setup program filename is:
C:\Users\XKZ\Documents\VSCode Projects\CubeSetlistManager\dist\CubeSetlistManager-Cubase-Setup-0.11.0-nightly.20260927.exe
installer done: dist\CubeSetlistManager-Setup-0.11.0-nightly.20260927.exe
Inno Setup 6 Command-Line Compiler
Copyright (C) 1997-2026 Jordan Russell. All rights reserved.
Portions Copyright (C) 2000-2026 Martijn Laan. All rights reserved.
Portions Copyright (C) 2001-2004 Alex Yackimoff. All rights reserved.
https://www.innosetup.com

Compiler engine version: Inno Setup 6.7.3
Non-commercial use only

Preprocessing
   Reading file: C:\Users\XKZ\AppData\Local\Programs\Inno Setup 6\ISPPBuiltins.iss
Parsing [Setup] section, line 29
Parsing [Setup] section, line 30
Parsing [Setup] section, line 31
Parsing [Setup] section, line 32
Parsing [Setup] section, line 33
Parsing [Setup] section, line 34
Parsing [Setup] section, line 35
Parsing [Setup] section, line 36
Parsing [Setup] section, line 37
Parsing [Setup] section, line 38
Parsing [Setup] section, line 39
Parsing [Setup] section, line 40
Parsing [Setup] section, line 41
Parsing [Setup] section, line 42
Parsing [Setup] section, line 43
Reading file (WizardImageFile)
Reading file (WizardSmallImageFile)
Preparing Setup program executable
   Verification successful
   Updating icons (Setup.e32)
   Updating version info (Setup.e32)
Determining language code pages
   Reading file: C:\Users\XKZ\AppData\Local\Programs\Inno Setup 6\Default.isl
   Messages in script file
Reading default messages from Default.isl
Parsing [LangOptions], [Messages], and [CustomMessages] sections
   Reading file: C:\Users\XKZ\AppData\Local\Programs\Inno Setup 6\Default.isl
   Messages in script file
Reading [Code] section
Parsing [Tasks] section, line 46
Parsing [Icons] section, line 78
Parsing [Icons] section, line 79
Parsing [InstallDelete] section, line 52
Parsing [Run] section, line 83
Parsing [Files] section, line 60
Parsing [Files] section, line 63
Parsing [Files] section, line 66
Parsing [Files] section, line 69
Parsing [Files] section, line 72
Parsing [Files] section, line 74
Creating setup files
   Verification successful
   Updating icons (Setup.exe)
   Compressing: C:\Users\XKZ\Documents\VSCode Projects\CubeSetlistManager\dist\Cube Setlist Manager\Cube Setlist Manager.exe
   Compressing: C:\Users\XKZ\Documents\VSCode Projects\CubeSetlistManager\dist\Cube Setlist Manager\_internal\api-ms-win-core-console-l1-1-0.dll
   Compressing: C:\Users\XKZ\Documents\VSCode Projects\CubeSetlistManager\dist\Cube Setlist Manager\_internal\api-ms-win-core-datetime-l1-1-0.dll
   Compressing: C:\Users\XKZ\Documents\VSCode Projects\CubeSetlistManager\dist\Cube Setlist Manager\_internal\api-ms-win-core-debug-l1-1-0.dll
   Compressing: C:\Users\XKZ\Documents\VSCode Projects\CubeSetlistManager\dist\Cube Setlist Manager\_internal\api-ms-win-core-errorhandling-l1-1-0.dll
   Compressing: C:\Users\XKZ\Documents\VSCode Projects\CubeSetlistManager\dist\Cube Setlist Manager\_internal\api-ms-win-core-fibers-l1-1-0.dll
   Compressing: C:\Users\XKZ\Documents\VSCode Projects\CubeSetlistManager\dist\Cube Setlist Manager\_internal\api-ms-win-core-fibers-l1-1-1.dll
   Compressing: C:\Users\XKZ\Documents\VSCode Projects\CubeSetlistManager\dist\Cube Setlist Manager\_internal\api-ms-win-core-file-l1-1-0.dll
   Compressing: C:\Users\XKZ\Documents\VSCode Projects\CubeSetlistManager\dist\Cube Setlist Manager\_internal\api-ms-win-core-file-l1-2-0.dll
   Compressing: C:\Users\XKZ\Documents\VSCode Projects\CubeSetlistManager\dist\Cube Setlist Manager\_internal\api-ms-win-core-file-l2-1-0.dll
   Compressing: C:\Users\XKZ\Documents\VSCode Projects\CubeSetlistManager\dist\Cube Setlist Manager\_internal\api-ms-win-core-handle-l1-1-0.dll
   Compressing: C:\Users\XKZ\Documents\VSCode Projects\CubeSetlistManager\dist\Cube Setlist Manager\_internal\api-ms-win-core-heap-l1-1-0.dll
   Compressing: C:\Users\XKZ\Documents\VSCode Projects\CubeSetlistManager\dist\Cube Setlist Manager\_internal\api-ms-win-core-interlocked-l1-1-0.dll
   Compressing: C:\Users\XKZ\Documents\VSCode Projects\CubeSetlistManager\dist\Cube Setlist Manager\_internal\api-ms-win-core-kernel32-legacy-l1-1-1.dll
   Compressing: C:\Users\XKZ\Documents\VSCode Projects\CubeSetlistManager\dist\Cube Setlist Manager\_internal\api-ms-win-core-libraryloader-l1-1-0.dll
   Compressing: C:\Users\XKZ\Documents\VSCode Projects\CubeSetlistManager\dist\Cube Setlist Manager\_internal\api-ms-win-core-localization-l1-2-0.dll
   Compressing: C:\Users\XKZ\Documents\VSCode Projects\CubeSetlistManager\dist\Cube Setlist Manager\_internal\api-ms-win-core-memory-l1-1-0.dll
   Compressing: C:\Users\XKZ\Documents\VSCode Projects\CubeSetlistManager\dist\Cube Setlist Manager\_internal\api-ms-win-core-namedpipe-l1-1-0.dll
   Compressing: C:\Users\XKZ\Documents\VSCode Projects\CubeSetlistManager\dist\Cube Setlist Manager\_internal\api-ms-win-core-processenvironment-l1-1-0.dll
   Compressing: C:\Users\XKZ\Documents\VSCode Projects\CubeSetlistManager\dist\Cube Setlist Manager\_internal\api-ms-win-core-processthreads-l1-1-0.dll
   Compressing: C:\Users\XKZ\Documents\VSCode Projects\CubeSetlistManager\dist\Cube Setlist Manager\_internal\api-ms-win-core-processthreads-l1-1-1.dll
   Compressing: C:\Users\XKZ\Documents\VSCode Projects\CubeSetlistManager\dist\Cube Setlist Manager\_internal\api-ms-win-core-profile-l1-1-0.dll
   Compressing: C:\Users\XKZ\Documents\VSCode Projects\CubeSetlistManager\dist\Cube Setlist Manager\_internal\api-ms-win-core-rtlsupport-l1-1-0.dll
   Compressing: C:\Users\XKZ\Documents\VSCode Projects\CubeSetlistManager\dist\Cube Setlist Manager\_internal\api-ms-win-core-string-l1-1-0.dll
   Compressing: C:\Users\XKZ\Documents\VSCode Projects\CubeSetlistManager\dist\Cube Setlist Manager\_internal\api-ms-win-core-synch-l1-1-0.dll
   Compressing: C:\Users\XKZ\Documents\VSCode Projects\CubeSetlistManager\dist\Cube Setlist Manager\_internal\api-ms-win-core-synch-l1-2-0.dll
   Compressing: C:\Users\XKZ\Documents\VSCode Projects\CubeSetlistManager\dist\Cube Setlist Manager\_internal\api-ms-win-core-sysinfo-l1-1-0.dll
   Compressing: C:\Users\XKZ\Documents\VSCode Projects\CubeSetlistManager\dist\Cube Setlist Manager\_internal\api-ms-win-core-sysinfo-l1-2-0.dll
   Compressing: C:\Users\XKZ\Documents\VSCode Projects\CubeSetlistManager\dist\Cube Setlist Manager\_internal\api-ms-win-core-timezone-l1-1-0.dll
   Compressing: C:\Users\XKZ\Documents\VSCode Projects\CubeSetlistManager\dist\Cube Setlist Manager\_internal\api-ms-win-core-util-l1-1-0.dll
   Compressing: C:\Users\XKZ\Documents\VSCode Projects\CubeSetlistManager\dist\Cube Setlist Manager\_internal\api-ms-win-crt-conio-l1-1-0.dll
   Compressing: C:\Users\XKZ\Documents\VSCode Projects\CubeSetlistManager\dist\Cube Setlist Manager\_internal\api-ms-win-crt-convert-l1-1-0.dll
   Compressing: C:\Users\XKZ\Documents\VSCode Projects\CubeSetlistManager\dist\Cube Setlist Manager\_internal\api-ms-win-crt-environment-l1-1-0.dll
   Compressing: C:\Users\XKZ\Documents\VSCode Projects\CubeSetlistManager\dist\Cube Setlist Manager\_internal\api-ms-win-crt-filesystem-l1-1-0.dll
   Compressing: C:\Users\XKZ\Documents\VSCode Projects\CubeSetlistManager\dist\Cube Setlist Manager\_internal\api-ms-win-crt-heap-l1-1-0.dll
   Compressing: C:\Users\XKZ\Documents\VSCode Projects\CubeSetlistManager\dist\Cube Setlist Manager\_internal\api-ms-win-crt-locale-l1-1-0.dll
   Compressing: C:\Users\XKZ\Documents\VSCode Projects\CubeSetlistManager\dist\Cube Setlist Manager\_internal\api-ms-win-crt-math-l1-1-0.dll
   Compressing: C:\Users\XKZ\Documents\VSCode Projects\CubeSetlistManager\dist\Cube Setlist Manager\_internal\api-ms-win-crt-process-l1-1-0.dll
   Compressing: C:\Users\XKZ\Documents\VSCode Projects\CubeSetlistManager\dist\Cube Setlist Manager\_internal\api-ms-win-crt-runtime-l1-1-0.dll
   Compressing: C:\Users\XKZ\Documents\VSCode Projects\CubeSetlistManager\dist\Cube Setlist Manager\_internal\api-ms-win-crt-stdio-l1-1-0.dll
   Compressing: C:\Users\XKZ\Documents\VSCode Projects\CubeSetlistManager\dist\Cube Setlist Manager\_internal\api-ms-win-crt-string-l1-1-0.dll
   Compressing: C:\Users\XKZ\Documents\VSCode Projects\CubeSetlistManager\dist\Cube Setlist Manager\_internal\api-ms-win-crt-time-l1-1-0.dll
   Compressing: C:\Users\XKZ\Documents\VSCode Projects\CubeSetlistManager\dist\Cube Setlist Manager\_internal\api-ms-win-crt-utility-l1-1-0.dll
   Compressing: C:\Users\XKZ\Documents\VSCode Projects\CubeSetlistManager\dist\Cube Setlist Manager\_internal\app.ico
   Compressing: C:\Users\XKZ\Documents\VSCode Projects\CubeSetlistManager\dist\Cube Setlist Manager\_internal\base_library.zip
   Compressing: C:\Users\XKZ\Documents\VSCode Projects\CubeSetlistManager\dist\Cube Setlist Manager\_internal\libcrypto-3.dll
   Compressing: C:\Users\XKZ\Documents\VSCode Projects\CubeSetlistManager\dist\Cube Setlist Manager\_internal\libffi-8.dll
   Compressing: C:\Users\XKZ\Documents\VSCode Projects\CubeSetlistManager\dist\Cube Setlist Manager\_internal\libssl-3.dll
   Compressing: C:\Users\XKZ\Documents\VSCode Projects\CubeSetlistManager\dist\Cube Setlist Manager\_internal\python314.dll
   Compressing: C:\Users\XKZ\Documents\VSCode Projects\CubeSetlistManager\dist\Cube Setlist Manager\_internal\select.pyd
   Compressing: C:\Users\XKZ\Documents\VSCode Projects\CubeSetlistManager\dist\Cube Setlist Manager\_internal\tcl86t.dll
   Compressing: C:\Users\XKZ\Documents\VSCode Projects\CubeSetlistManager\dist\Cube Setlist Manager\_internal\tk86t.dll
   Compressing: C:\Users\XKZ\Documents\VSCode Projects\CubeSetlistManager\dist\Cube Setlist Manager\_internal\ucrtbase.dll
   Compressing: C:\Users\XKZ\Documents\VSCode Projects\CubeSetlistManager\dist\Cube Setlist Manager\_internal\unicodedata.pyd
   Compressing: C:\Users\XKZ\Documents\VSCode Projects\CubeSetlistManager\dist\Cube Setlist Manager\_internal\VCRUNTIME140.dll
   Compressing: C:\Users\XKZ\Documents\VSCode Projects\CubeSetlistManager\dist\Cube Setlist Manager\_internal\zlib1.dll
   Compressing: C:\Users\XKZ\Documents\VSCode Projects\CubeSetlistManager\dist\Cube Setlist Manager\_internal\_bz2.pyd
   Compressing: C:\Users\XKZ\Documents\VSCode Projects\CubeSetlistManager\dist\Cube Setlist Manager\_internal\_ctypes.pyd
   Compressing: C:\Users\XKZ\Documents\VSCode Projects\CubeSetlistManager\dist\Cube Setlist Manager\_internal\_decimal.pyd
   Compressing: C:\Users\XKZ\Documents\VSCode Projects\CubeSetlistManager\dist\Cube Setlist Manager\_internal\_hashlib.pyd
   Compressing: C:\Users\XKZ\Documents\VSCode Projects\CubeSetlistManager\dist\Cube Setlist Manager\_internal\_lzma.pyd
   Compressing: C:\Users\XKZ\Documents\VSCode Projects\CubeSetlistManager\dist\Cube Setlist Manager\_internal\_queue.pyd
   Compressing: C:\Users\XKZ\Documents\VSCode Projects\CubeSetlistManager\dist\Cube Setlist Manager\_internal\_socket.pyd
   Compressing: C:\Users\XKZ\Documents\VSCode Projects\CubeSetlistManager\dist\Cube Setlist Manager\_internal\_ssl.pyd
   Compressing: C:\Users\XKZ\Documents\VSCode Projects\CubeSetlistManager\dist\Cube Setlist Manager\_internal\_tkinter.pyd
   Compressing: C:\Users\XKZ\Documents\VSCode Projects\CubeSetlistManager\dist\Cube Setlist Manager\_internal\_zstd.pyd
   Compressing: C:\Users\XKZ\Documents\VSCode Projects\CubeSetlistManager\dist\Cube Setlist Manager\_internal\tcl8\8.4\platform-1.0.19.tm
   Compressing: C:\Users\XKZ\Documents\VSCode Projects\CubeSetlistManager\dist\Cube Setlist Manager\_internal\tcl8\8.4\platform\shell-1.1.4.tm
   Compressing: C:\Users\XKZ\Documents\VSCode Projects\CubeSetlistManager\dist\Cube Setlist Manager\_internal\tcl8\8.5\msgcat-1.6.1.tm
   Compressing: C:\Users\XKZ\Documents\VSCode Projects\CubeSetlistManager\dist\Cube Setlist Manager\_internal\tcl8\8.5\tcltest-2.5.8.tm
   Compressing: C:\Users\XKZ\Documents\VSCode Projects\CubeSetlistManager\dist\Cube Setlist Manager\_internal\tcl8\8.6\http-2.9.8.tm
   Compressing: C:\Users\XKZ\Documents\VSCode Projects\CubeSetlistManager\dist\Cube Setlist Manager\_internal\_tcl_data\auto.tcl
   Compressing: C:\Users\XKZ\Documents\VSCode Projects\CubeSetlistManager\dist\Cube Setlist Manager\_internal\_tcl_data\clock.tcl
   Compressing: C:\Users\XKZ\Documents\VSCode Projects\CubeSetlistManager\dist\Cube Setlist Manager\_internal\_tcl_data\history.tcl
   Compressing: C:\Users\XKZ\Documents\VSCode Projects\CubeSetlistManager\dist\Cube Setlist Manager\_internal\_tcl_data\init.tcl
   Compressing: C:\Users\XKZ\Documents\VSCode Projects\CubeSetlistManager\dist\Cube Setlist Manager\_internal\_tcl_data\package.tcl
   Compressing: C:\Users\XKZ\Documents\VSCode Projects\CubeSetlistManager\dist\Cube Setlist Manager\_internal\_tcl_data\parray.tcl
   Compressing: C:\Users\XKZ\Documents\VSCode Projects\CubeSetlistManager\dist\Cube Setlist Manager\_internal\_tcl_data\safe.tcl
   Compressing: C:\Users\XKZ\Documents\VSCode Projects\CubeSetlistManager\dist\Cube Setlist Manager\_internal\_tcl_data\tclIndex
   Compressing: C:\Users\XKZ\Documents\VSCode Projects\CubeSetlistManager\dist\Cube Setlist Manager\_internal\_tcl_data\tm.tcl
   Compressing: C:\Users\XKZ\Documents\VSCode Projects\CubeSetlistManager\dist\Cube Setlist Manager\_internal\_tcl_data\word.tcl
   Compressing: C:\Users\XKZ\Documents\VSCode Projects\CubeSetlistManager\dist\Cube Setlist Manager\_internal\_tcl_data\encoding\ascii.enc
   Compressing: C:\Users\XKZ\Documents\VSCode Projects\CubeSetlistManager\dist\Cube Setlist Manager\_internal\_tcl_data\encoding\big5.enc
   Compressing: C:\Users\XKZ\Documents\VSCode Projects\CubeSetlistManager\dist\Cube Setlist Manager\_internal\_tcl_data\encoding\cns11643.enc
   Compressing: C:\Users\XKZ\Documents\VSCode Projects\CubeSetlistManager\dist\Cube Setlist Manager\_internal\_tcl_data\encoding\cp1250.enc
   Compressing: C:\Users\XKZ\Documents\VSCode Projects\CubeSetlistManager\dist\Cube Setlist Manager\_internal\_tcl_data\encoding\cp1251.enc
   Compressing: C:\Users\XKZ\Documents\VSCode Projects\CubeSetlistManager\dist\Cube Setlist Manager\_internal\_tcl_data\encoding\cp1252.enc
   Compressing: C:\Users\XKZ\Documents\VSCode Projects\CubeSetlistManager\dist\Cube Setlist Manager\_internal\_tcl_data\encoding\cp1253.enc
   Compressing: C:\Users\XKZ\Documents\VSCode Projects\CubeSetlistManager\dist\Cube Setlist Manager\_internal\_tcl_data\encoding\cp1254.enc
   Compressing: C:\Users\XKZ\Documents\VSCode Projects\CubeSetlistManager\dist\Cube Setlist Manager\_internal\_tcl_data\encoding\cp1255.enc
   Compressing: C:\Users\XKZ\Documents\VSCode Projects\CubeSetlistManager\dist\Cube Setlist Manager\_internal\_tcl_data\encoding\cp1256.enc
   Compressing: C:\Users\XKZ\Documents\VSCode Projects\CubeSetlistManager\dist\Cube Setlist Manager\_internal\_tcl_data\encoding\cp1257.enc
   Compressing: C:\Users\XKZ\Documents\VSCode Projects\CubeSetlistManager\dist\Cube Setlist Manager\_internal\_tcl_data\encoding\cp1258.enc
   Compressing: C:\Users\XKZ\Documents\VSCode Projects\CubeSetlistManager\dist\Cube Setlist Manager\_internal\_tcl_data\encoding\cp437.enc
   Compressing: C:\Users\XKZ\Documents\VSCode Projects\CubeSetlistManager\dist\Cube Setlist Manager\_internal\_tcl_data\encoding\cp737.enc
   Compressing: C:\Users\XKZ\Documents\VSCode Projects\CubeSetlistManager\dist\Cube Setlist Manager\_internal\_tcl_data\encoding\cp775.enc
   Compressing: C:\Users\XKZ\Documents\VSCode Projects\CubeSetlistManager\dist\Cube Setlist Manager\_internal\_tcl_data\encoding\cp850.enc
   Compressing: C:\Users\XKZ\Documents\VSCode Projects\CubeSetlistManager\dist\Cube Setlist Manager\_internal\_tcl_data\encoding\cp852.enc
   Compressing: C:\Users\XKZ\Documents\VSCode Projects\CubeSetlistManager\dist\Cube Setlist Manager\_internal\_tcl_data\encoding\cp855.enc
   Compressing: C:\Users\XKZ\Documents\VSCode Projects\CubeSetlistManager\dist\Cube Setlist Manager\_internal\_tcl_data\encoding\cp857.enc
   Compressing: C:\Users\XKZ\Documents\VSCode Projects\CubeSetlistManager\dist\Cube Setlist Manager\_internal\_tcl_data\encoding\cp860.enc
   Compressing: C:\Users\XKZ\Documents\VSCode Projects\CubeSetlistManager\dist\Cube Setlist Manager\_internal\_tcl_data\encoding\cp861.enc
   Compressing: C:\Users\XKZ\Documents\VSCode Projects\CubeSetlistManager\dist\Cube Setlist Manager\_internal\_tcl_data\encoding\cp862.enc
   Compressing: C:\Users\XKZ\Documents\VSCode Projects\CubeSetlistManager\dist\Cube Setlist Manager\_internal\_tcl_data\encoding\cp863.enc
   Compressing: C:\Users\XKZ\Documents\VSCode Projects\CubeSetlistManager\dist\Cube Setlist Manager\_internal\_tcl_data\encoding\cp864.enc
   Compressing: C:\Users\XKZ\Documents\VSCode Projects\CubeSetlistManager\dist\Cube Setlist Manager\_internal\_tcl_data\encoding\cp865.enc
   Compressing: C:\Users\XKZ\Documents\VSCode Projects\CubeSetlistManager\dist\Cube Setlist Manager\_internal\_tcl_data\encoding\cp866.enc
   Compressing: C:\Users\XKZ\Documents\VSCode Projects\CubeSetlistManager\dist\Cube Setlist Manager\_internal\_tcl_data\encoding\cp869.enc
   Compressing: C:\Users\XKZ\Documents\VSCode Projects\CubeSetlistManager\dist\Cube Setlist Manager\_internal\_tcl_data\encoding\cp874.enc
   Compressing: C:\Users\XKZ\Documents\VSCode Projects\CubeSetlistManager\dist\Cube Setlist Manager\_internal\_tcl_data\encoding\cp932.enc
   Compressing: C:\Users\XKZ\Documents\VSCode Projects\CubeSetlistManager\dist\Cube Setlist Manager\_internal\_tcl_data\encoding\cp936.enc
   Compressing: C:\Users\XKZ\Documents\VSCode Projects\CubeSetlistManager\dist\Cube Setlist Manager\_internal\_tcl_data\encoding\cp949.enc
   Compressing: C:\Users\XKZ\Documents\VSCode Projects\CubeSetlistManager\dist\Cube Setlist Manager\_internal\_tcl_data\encoding\cp950.enc
   Compressing: C:\Users\XKZ\Documents\VSCode Projects\CubeSetlistManager\dist\Cube Setlist Manager\_internal\_tcl_data\encoding\dingbats.enc
   Compressing: C:\Users\XKZ\Documents\VSCode Projects\CubeSetlistManager\dist\Cube Setlist Manager\_internal\_tcl_data\encoding\ebcdic.enc
   Compressing: C:\Users\XKZ\Documents\VSCode Projects\CubeSetlistManager\dist\Cube Setlist Manager\_internal\_tcl_data\encoding\euc-cn.enc
   Compressing: C:\Users\XKZ\Documents\VSCode Projects\CubeSetlistManager\dist\Cube Setlist Manager\_internal\_tcl_data\encoding\euc-jp.enc
   Compressing: C:\Users\XKZ\Documents\VSCode Projects\CubeSetlistManager\dist\Cube Setlist Manager\_internal\_tcl_data\encoding\euc-kr.enc
   Compressing: C:\Users\XKZ\Documents\VSCode Projects\CubeSetlistManager\dist\Cube Setlist Manager\_internal\_tcl_data\encoding\gb12345.enc
   Compressing: C:\Users\XKZ\Documents\VSCode Projects\CubeSetlistManager\dist\Cube Setlist Manager\_internal\_tcl_data\encoding\gb1988.enc
   Compressing: C:\Users\XKZ\Documents\VSCode Projects\CubeSetlistManager\dist\Cube Setlist Manager\_internal\_tcl_data\encoding\gb2312-raw.enc
   Compressing: C:\Users\XKZ\Documents\VSCode Projects\CubeSetlistManager\dist\Cube Setlist Manager\_internal\_tcl_data\encoding\gb2312.enc
   Compressing: C:\Users\XKZ\Documents\VSCode Projects\CubeSetlistManager\dist\Cube Setlist Manager\_internal\_tcl_data\encoding\iso2022-jp.enc
   Compressing: C:\Users\XKZ\Documents\VSCode Projects\CubeSetlistManager\dist\Cube Setlist Manager\_internal\_tcl_data\encoding\iso2022-kr.enc
   Compressing: C:\Users\XKZ\Documents\VSCode Projects\CubeSetlistManager\dist\Cube Setlist Manager\_internal\_tcl_data\encoding\iso2022.enc
   Compressing: C:\Users\XKZ\Documents\VSCode Projects\CubeSetlistManager\dist\Cube Setlist Manager\_internal\_tcl_data\encoding\iso8859-1.enc
   Compressing: C:\Users\XKZ\Documents\VSCode Projects\CubeSetlistManager\dist\Cube Setlist Manager\_internal\_tcl_data\encoding\iso8859-10.enc
   Compressing: C:\Users\XKZ\Documents\VSCode Projects\CubeSetlistManager\dist\Cube Setlist Manager\_internal\_tcl_data\encoding\iso8859-11.enc
   Compressing: C:\Users\XKZ\Documents\VSCode Projects\CubeSetlistManager\dist\Cube Setlist Manager\_internal\_tcl_data\encoding\iso8859-13.enc
   Compressing: C:\Users\XKZ\Documents\VSCode Projects\CubeSetlistManager\dist\Cube Setlist Manager\_internal\_tcl_data\encoding\iso8859-14.enc
   Compressing: C:\Users\XKZ\Documents\VSCode Projects\CubeSetlistManager\dist\Cube Setlist Manager\_internal\_tcl_data\encoding\iso8859-15.enc
   Compressing: C:\Users\XKZ\Documents\VSCode Projects\CubeSetlistManager\dist\Cube Setlist Manager\_internal\_tcl_data\encoding\iso8859-16.enc
   Compressing: C:\Users\XKZ\Documents\VSCode Projects\CubeSetlistManager\dist\Cube Setlist Manager\_internal\_tcl_data\encoding\iso8859-2.enc
   Compressing: C:\Users\XKZ\Documents\VSCode Projects\CubeSetlistManager\dist\Cube Setlist Manager\_internal\_tcl_data\encoding\iso8859-3.enc
   Compressing: C:\Users\XKZ\Documents\VSCode Projects\CubeSetlistManager\dist\Cube Setlist Manager\_internal\_tcl_data\encoding\iso8859-4.enc
   Compressing: C:\Users\XKZ\Documents\VSCode Projects\CubeSetlistManager\dist\Cube Setlist Manager\_internal\_tcl_data\encoding\iso8859-5.enc
   Compressing: C:\Users\XKZ\Documents\VSCode Projects\CubeSetlistManager\dist\Cube Setlist Manager\_internal\_tcl_data\encoding\iso8859-6.enc
   Compressing: C:\Users\XKZ\Documents\VSCode Projects\CubeSetlistManager\dist\Cube Setlist Manager\_internal\_tcl_data\encoding\iso8859-7.enc
   Compressing: C:\Users\XKZ\Documents\VSCode Projects\CubeSetlistManager\dist\Cube Setlist Manager\_internal\_tcl_data\encoding\iso8859-8.enc
   Compressing: C:\Users\XKZ\Documents\VSCode Projects\CubeSetlistManager\dist\Cube Setlist Manager\_internal\_tcl_data\encoding\iso8859-9.enc
   Compressing: C:\Users\XKZ\Documents\VSCode Projects\CubeSetlistManager\dist\Cube Setlist Manager\_internal\_tcl_data\encoding\jis0201.enc
   Compressing: C:\Users\XKZ\Documents\VSCode Projects\CubeSetlistManager\dist\Cube Setlist Manager\_internal\_tcl_data\encoding\jis0208.enc
   Compressing: C:\Users\XKZ\Documents\VSCode Projects\CubeSetlistManager\dist\Cube Setlist Manager\_internal\_tcl_data\encoding\jis0212.enc
   Compressing: C:\Users\XKZ\Documents\VSCode Projects\CubeSetlistManager\dist\Cube Setlist Manager\_internal\_tcl_data\encoding\koi8-r.enc
   Compressing: C:\Users\XKZ\Documents\VSCode Projects\CubeSetlistManager\dist\Cube Setlist Manager\_internal\_tcl_data\encoding\koi8-ru.enc
   Compressing: C:\Users\XKZ\Documents\VSCode Projects\CubeSetlistManager\dist\Cube Setlist Manager\_internal\_tcl_data\encoding\koi8-t.enc
   Compressing: C:\Users\XKZ\Documents\VSCode Projects\CubeSetlistManager\dist\Cube Setlist Manager\_internal\_tcl_data\encoding\koi8-u.enc
   Compressing: C:\Users\XKZ\Documents\VSCode Projects\CubeSetlistManager\dist\Cube Setlist Manager\_internal\_tcl_data\encoding\ksc5601.enc
   Compressing: C:\Users\XKZ\Documents\VSCode Projects\CubeSetlistManager\dist\Cube Setlist Manager\_internal\_tcl_data\encoding\macCentEuro.enc
   Compressing: C:\Users\XKZ\Documents\VSCode Projects\CubeSetlistManager\dist\Cube Setlist Manager\_internal\_tcl_data\encoding\macCroatian.enc
   Compressing: C:\Users\XKZ\Documents\VSCode Projects\CubeSetlistManager\dist\Cube Setlist Manager\_internal\_tcl_data\encoding\macCyrillic.enc
   Compressing: C:\Users\XKZ\Documents\VSCode Projects\CubeSetlistManager\dist\Cube Setlist Manager\_internal\_tcl_data\encoding\macDingbats.enc
   Compressing: C:\Users\XKZ\Documents\VSCode Projects\CubeSetlistManager\dist\Cube Setlist Manager\_internal\_tcl_data\encoding\macGreek.enc
   Compressing: C:\Users\XKZ\Documents\VSCode Projects\CubeSetlistManager\dist\Cube Setlist Manager\_internal\_tcl_data\encoding\macIceland.enc
   Compressing: C:\Users\XKZ\Documents\VSCode Projects\CubeSetlistManager\dist\Cube Setlist Manager\_internal\_tcl_data\encoding\macJapan.enc
   Compressing: C:\Users\XKZ\Documents\VSCode Projects\CubeSetlistManager\dist\Cube Setlist Manager\_internal\_tcl_data\encoding\macRoman.enc
   Compressing: C:\Users\XKZ\Documents\VSCode Projects\CubeSetlistManager\dist\Cube Setlist Manager\_internal\_tcl_data\encoding\macRomania.enc
   Compressing: C:\Users\XKZ\Documents\VSCode Projects\CubeSetlistManager\dist\Cube Setlist Manager\_internal\_tcl_data\encoding\macThai.enc
   Compressing: C:\Users\XKZ\Documents\VSCode Projects\CubeSetlistManager\dist\Cube Setlist Manager\_internal\_tcl_data\encoding\macTurkish.enc
   Compressing: C:\Users\XKZ\Documents\VSCode Projects\CubeSetlistManager\dist\Cube Setlist Manager\_internal\_tcl_data\encoding\macUkraine.enc
   Compressing: C:\Users\XKZ\Documents\VSCode Projects\CubeSetlistManager\dist\Cube Setlist Manager\_internal\_tcl_data\encoding\shiftjis.enc
   Compressing: C:\Users\XKZ\Documents\VSCode Projects\CubeSetlistManager\dist\Cube Setlist Manager\_internal\_tcl_data\encoding\symbol.enc
   Compressing: C:\Users\XKZ\Documents\VSCode Projects\CubeSetlistManager\dist\Cube Setlist Manager\_internal\_tcl_data\encoding\tis-620.enc
   Compressing: C:\Users\XKZ\Documents\VSCode Projects\CubeSetlistManager\dist\Cube Setlist Manager\_internal\_tcl_data\http1.0\http.tcl
   Compressing: C:\Users\XKZ\Documents\VSCode Projects\CubeSetlistManager\dist\Cube Setlist Manager\_internal\_tcl_data\http1.0\pkgIndex.tcl
   Compressing: C:\Users\XKZ\Documents\VSCode Projects\CubeSetlistManager\dist\Cube Setlist Manager\_internal\_tcl_data\msgs\af.msg
   Compressing: C:\Users\XKZ\Documents\VSCode Projects\CubeSetlistManager\dist\Cube Setlist Manager\_internal\_tcl_data\msgs\af_za.msg
   Compressing: C:\Users\XKZ\Documents\VSCode Projects\CubeSetlistManager\dist\Cube Setlist Manager\_internal\_tcl_data\msgs\ar.msg
   Compressing: C:\Users\XKZ\Documents\VSCode Projects\CubeSetlistManager\dist\Cube Setlist Manager\_internal\_tcl_data\msgs\ar_in.msg
   Compressing: C:\Users\XKZ\Documents\VSCode Projects\CubeSetlistManager\dist\Cube Setlist Manager\_internal\_tcl_data\msgs\ar_jo.msg
   Compressing: C:\Users\XKZ\Documents\VSCode Projects\CubeSetlistManager\dist\Cube Setlist Manager\_internal\_tcl_data\msgs\ar_lb.msg
   Compressing: C:\Users\XKZ\Documents\VSCode Projects\CubeSetlistManager\dist\Cube Setlist Manager\_internal\_tcl_data\msgs\ar_sy.msg
   Compressing: C:\Users\XKZ\Documents\VSCode Projects\CubeSetlistManager\dist\Cube Setlist Manager\_internal\_tcl_data\msgs\be.msg
   Compressing: C:\Users\XKZ\Documents\VSCode Projects\CubeSetlistManager\dist\Cube Setlist Manager\_internal\_tcl_data\msgs\bg.msg
   Compressing: C:\Users\XKZ\Documents\VSCode Projects\CubeSetlistManager\dist\Cube Setlist Manager\_internal\_tcl_data\msgs\bn.msg
   Compressing: C:\Users\XKZ\Documents\VSCode Projects\CubeSetlistManager\dist\Cube Setlist Manager\_internal\_tcl_data\msgs\bn_in.msg
   Compressing: C:\Users\XKZ\Documents\VSCode Projects\CubeSetlistManager\dist\Cube Setlist Manager\_internal\_tcl_data\msgs\ca.msg
   Compressing: C:\Users\XKZ\Documents\VSCode Projects\CubeSetlistManager\dist\Cube Setlist Manager\_internal\_tcl_data\msgs\cs.msg
   Compressing: C:\Users\XKZ\Documents\VSCode Projects\CubeSetlistManager\dist\Cube Setlist Manager\_internal\_tcl_data\msgs\da.msg
   Compressing: C:\Users\XKZ\Documents\VSCode Projects\CubeSetlistManager\dist\Cube Setlist Manager\_internal\_tcl_data\msgs\de.msg
   Compressing: C:\Users\XKZ\Documents\VSCode Projects\CubeSetlistManager\dist\Cube Setlist Manager\_internal\_tcl_data\msgs\de_at.msg
   Compressing: C:\Users\XKZ\Documents\VSCode Projects\CubeSetlistManager\dist\Cube Setlist Manager\_internal\_tcl_data\msgs\de_be.msg
   Compressing: C:\Users\XKZ\Documents\VSCode Projects\CubeSetlistManager\dist\Cube Setlist Manager\_internal\_tcl_data\msgs\el.msg
   Compressing: C:\Users\XKZ\Documents\VSCode Projects\CubeSetlistManager\dist\Cube Setlist Manager\_internal\_tcl_data\msgs\en_au.msg
   Compressing: C:\Users\XKZ\Documents\VSCode Projects\CubeSetlistManager\dist\Cube Setlist Manager\_internal\_tcl_data\msgs\en_be.msg
   Compressing: C:\Users\XKZ\Documents\VSCode Projects\CubeSetlistManager\dist\Cube Setlist Manager\_internal\_tcl_data\msgs\en_bw.msg
   Compressing: C:\Users\XKZ\Documents\VSCode Projects\CubeSetlistManager\dist\Cube Setlist Manager\_internal\_tcl_data\msgs\en_ca.msg
   Compressing: C:\Users\XKZ\Documents\VSCode Projects\CubeSetlistManager\dist\Cube Setlist Manager\_internal\_tcl_data\msgs\en_gb.msg
   Compressing: C:\Users\XKZ\Documents\VSCode Projects\CubeSetlistManager\dist\Cube Setlist Manager\_internal\_tcl_data\msgs\en_hk.msg
   Compressing: C:\Users\XKZ\Documents\VSCode Projects\CubeSetlistManager\dist\Cube Setlist Manager\_internal\_tcl_data\msgs\en_ie.msg
   Compressing: C:\Users\XKZ\Documents\VSCode Projects\CubeSetlistManager\dist\Cube Setlist Manager\_internal\_tcl_data\msgs\en_in.msg
   Compressing: C:\Users\XKZ\Documents\VSCode Projects\CubeSetlistManager\dist\Cube Setlist Manager\_internal\_tcl_data\msgs\en_nz.msg
   Compressing: C:\Users\XKZ\Documents\VSCode Projects\CubeSetlistManager\dist\Cube Setlist Manager\_internal\_tcl_data\msgs\en_ph.msg
   Compressing: C:\Users\XKZ\Documents\VSCode Projects\CubeSetlistManager\dist\Cube Setlist Manager\_internal\_tcl_data\msgs\en_sg.msg
   Compressing: C:\Users\XKZ\Documents\VSCode Projects\CubeSetlistManager\dist\Cube Setlist Manager\_internal\_tcl_data\msgs\en_za.msg
   Compressing: C:\Users\XKZ\Documents\VSCode Projects\CubeSetlistManager\dist\Cube Setlist Manager\_internal\_tcl_data\msgs\en_zw.msg
   Compressing: C:\Users\XKZ\Documents\VSCode Projects\CubeSetlistManager\dist\Cube Setlist Manager\_internal\_tcl_data\msgs\eo.msg
   Compressing: C:\Users\XKZ\Documents\VSCode Projects\CubeSetlistManager\dist\Cube Setlist Manager\_internal\_tcl_data\msgs\es.msg
   Compressing: C:\Users\XKZ\Documents\VSCode Projects\CubeSetlistManager\dist\Cube Setlist Manager\_internal\_tcl_data\msgs\es_ar.msg
   Compressing: C:\Users\XKZ\Documents\VSCode Projects\CubeSetlistManager\dist\Cube Setlist Manager\_internal\_tcl_data\msgs\es_bo.msg
   Compressing: C:\Users\XKZ\Documents\VSCode Projects\CubeSetlistManager\dist\Cube Setlist Manager\_internal\_tcl_data\msgs\es_cl.msg
   Compressing: C:\Users\XKZ\Documents\VSCode Projects\CubeSetlistManager\dist\Cube Setlist Manager\_internal\_tcl_data\msgs\es_co.msg
   Compressing: C:\Users\XKZ\Documents\VSCode Projects\CubeSetlistManager\dist\Cube Setlist Manager\_internal\_tcl_data\msgs\es_cr.msg
   Compressing: C:\Users\XKZ\Documents\VSCode Projects\CubeSetlistManager\dist\Cube Setlist Manager\_internal\_tcl_data\msgs\es_do.msg
   Compressing: C:\Users\XKZ\Documents\VSCode Projects\CubeSetlistManager\dist\Cube Setlist Manager\_internal\_tcl_data\msgs\es_ec.msg
   Compressing: C:\Users\XKZ\Documents\VSCode Projects\CubeSetlistManager\dist\Cube Setlist Manager\_internal\_tcl_data\msgs\es_gt.msg
   Compressing: C:\Users\XKZ\Documents\VSCode Projects\CubeSetlistManager\dist\Cube Setlist Manager\_internal\_tcl_data\msgs\es_hn.msg
   Compressing: C:\Users\XKZ\Documents\VSCode Projects\CubeSetlistManager\dist\Cube Setlist Manager\_internal\_tcl_data\msgs\es_mx.msg
   Compressing: C:\Users\XKZ\Documents\VSCode Projects\CubeSetlistManager\dist\Cube Setlist Manager\_internal\_tcl_data\msgs\es_ni.msg
   Compressing: C:\Users\XKZ\Documents\VSCode Projects\CubeSetlistManager\dist\Cube Setlist Manager\_internal\_tcl_data\msgs\es_pa.msg
   Compressing: C:\Users\XKZ\Documents\VSCode Projects\CubeSetlistManager\dist\Cube Setlist Manager\_internal\_tcl_data\msgs\es_pe.msg
   Compressing: C:\Users\XKZ\Documents\VSCode Projects\CubeSetlistManager\dist\Cube Setlist Manager\_internal\_tcl_data\msgs\es_pr.msg
   Compressing: C:\Users\XKZ\Documents\VSCode Projects\CubeSetlistManager\dist\Cube Setlist Manager\_internal\_tcl_data\msgs\es_py.msg
   Compressing: C:\Users\XKZ\Documents\VSCode Projects\CubeSetlistManager\dist\Cube Setlist Manager\_internal\_tcl_data\msgs\es_sv.msg
   Compressing: C:\Users\XKZ\Documents\VSCode Projects\CubeSetlistManager\dist\Cube Setlist Manager\_internal\_tcl_data\msgs\es_uy.msg
   Compressing: C:\Users\XKZ\Documents\VSCode Projects\CubeSetlistManager\dist\Cube Setlist Manager\_internal\_tcl_data\msgs\es_ve.msg
   Compressing: C:\Users\XKZ\Documents\VSCode Projects\CubeSetlistManager\dist\Cube Setlist Manager\_internal\_tcl_data\msgs\et.msg
   Compressing: C:\Users\XKZ\Documents\VSCode Projects\CubeSetlistManager\dist\Cube Setlist Manager\_internal\_tcl_data\msgs\eu.msg
   Compressing: C:\Users\XKZ\Documents\VSCode Projects\CubeSetlistManager\dist\Cube Setlist Manager\_internal\_tcl_data\msgs\eu_es.msg
   Compressing: C:\Users\XKZ\Documents\VSCode Projects\CubeSetlistManager\dist\Cube Setlist Manager\_internal\_tcl_data\msgs\fa.msg
   Compressing: C:\Users\XKZ\Documents\VSCode Projects\CubeSetlistManager\dist\Cube Setlist Manager\_internal\_tcl_data\msgs\fa_in.msg
   Compressing: C:\Users\XKZ\Documents\VSCode Projects\CubeSetlistManager\dist\Cube Setlist Manager\_internal\_tcl_data\msgs\fa_ir.msg
   Compressing: C:\Users\XKZ\Documents\VSCode Projects\CubeSetlistManager\dist\Cube Setlist Manager\_internal\_tcl_data\msgs\fi.msg
   Compressing: C:\Users\XKZ\Documents\VSCode Projects\CubeSetlistManager\dist\Cube Setlist Manager\_internal\_tcl_data\msgs\fo.msg
   Compressing: C:\Users\XKZ\Documents\VSCode Projects\CubeSetlistManager\dist\Cube Setlist Manager\_internal\_tcl_data\msgs\fo_fo.msg
   Compressing: C:\Users\XKZ\Documents\VSCode Projects\CubeSetlistManager\dist\Cube Setlist Manager\_internal\_tcl_data\msgs\fr.msg
   Compressing: C:\Users\XKZ\Documents\VSCode Projects\CubeSetlistManager\dist\Cube Setlist Manager\_internal\_tcl_data\msgs\fr_be.msg
   Compressing: C:\Users\XKZ\Documents\VSCode Projects\CubeSetlistManager\dist\Cube Setlist Manager\_internal\_tcl_data\msgs\fr_ca.msg
   Compressing: C:\Users\XKZ\Documents\VSCode Projects\CubeSetlistManager\dist\Cube Setlist Manager\_internal\_tcl_data\msgs\fr_ch.msg
   Compressing: C:\Users\XKZ\Documents\VSCode Projects\CubeSetlistManager\dist\Cube Setlist Manager\_internal\_tcl_data\msgs\ga.msg
   Compressing: C:\Users\XKZ\Documents\VSCode Projects\CubeSetlistManager\dist\Cube Setlist Manager\_internal\_tcl_data\msgs\ga_ie.msg
   Compressing: C:\Users\XKZ\Documents\VSCode Projects\CubeSetlistManager\dist\Cube Setlist Manager\_internal\_tcl_data\msgs\gl.msg
   Compressing: C:\Users\XKZ\Documents\VSCode Projects\CubeSetlistManager\dist\Cube Setlist Manager\_internal\_tcl_data\msgs\gl_es.msg
   Compressing: C:\Users\XKZ\Documents\VSCode Projects\CubeSetlistManager\dist\Cube Setlist Manager\_internal\_tcl_data\msgs\gv.msg
   Compressing: C:\Users\XKZ\Documents\VSCode Projects\CubeSetlistManager\dist\Cube Setlist Manager\_internal\_tcl_data\msgs\gv_gb.msg
   Compressing: C:\Users\XKZ\Documents\VSCode Projects\CubeSetlistManager\dist\Cube Setlist Manager\_internal\_tcl_data\msgs\he.msg
   Compressing: C:\Users\XKZ\Documents\VSCode Projects\CubeSetlistManager\dist\Cube Setlist Manager\_internal\_tcl_data\msgs\hi.msg
   Compressing: C:\Users\XKZ\Documents\VSCode Projects\CubeSetlistManager\dist\Cube Setlist Manager\_internal\_tcl_data\msgs\hi_in.msg
   Compressing: C:\Users\XKZ\Documents\VSCode Projects\CubeSetlistManager\dist\Cube Setlist Manager\_internal\_tcl_data\msgs\hr.msg
   Compressing: C:\Users\XKZ\Documents\VSCode Projects\CubeSetlistManager\dist\Cube Setlist Manager\_internal\_tcl_data\msgs\hu.msg
   Compressing: C:\Users\XKZ\Documents\VSCode Projects\CubeSetlistManager\dist\Cube Setlist Manager\_internal\_tcl_data\msgs\id.msg
   Compressing: C:\Users\XKZ\Documents\VSCode Projects\CubeSetlistManager\dist\Cube Setlist Manager\_internal\_tcl_data\msgs\id_id.msg
   Compressing: C:\Users\XKZ\Documents\VSCode Projects\CubeSetlistManager\dist\Cube Setlist Manager\_internal\_tcl_data\msgs\is.msg
   Compressing: C:\Users\XKZ\Documents\VSCode Projects\CubeSetlistManager\dist\Cube Setlist Manager\_internal\_tcl_data\msgs\it.msg
   Compressing: C:\Users\XKZ\Documents\VSCode Projects\CubeSetlistManager\dist\Cube Setlist Manager\_internal\_tcl_data\msgs\it_ch.msg
   Compressing: C:\Users\XKZ\Documents\VSCode Projects\CubeSetlistManager\dist\Cube Setlist Manager\_internal\_tcl_data\msgs\ja.msg
   Compressing: C:\Users\XKZ\Documents\VSCode Projects\CubeSetlistManager\dist\Cube Setlist Manager\_internal\_tcl_data\msgs\kl.msg
   Compressing: C:\Users\XKZ\Documents\VSCode Projects\CubeSetlistManager\dist\Cube Setlist Manager\_internal\_tcl_data\msgs\kl_gl.msg
   Compressing: C:\Users\XKZ\Documents\VSCode Projects\CubeSetlistManager\dist\Cube Setlist Manager\_internal\_tcl_data\msgs\ko.msg
   Compressing: C:\Users\XKZ\Documents\VSCode Projects\CubeSetlistManager\dist\Cube Setlist Manager\_internal\_tcl_data\msgs\kok.msg
   Compressing: C:\Users\XKZ\Documents\VSCode Projects\CubeSetlistManager\dist\Cube Setlist Manager\_internal\_tcl_data\msgs\kok_in.msg
   Compressing: C:\Users\XKZ\Documents\VSCode Projects\CubeSetlistManager\dist\Cube Setlist Manager\_internal\_tcl_data\msgs\ko_kr.msg
   Compressing: C:\Users\XKZ\Documents\VSCode Projects\CubeSetlistManager\dist\Cube Setlist Manager\_internal\_tcl_data\msgs\kw.msg
   Compressing: C:\Users\XKZ\Documents\VSCode Projects\CubeSetlistManager\dist\Cube Setlist Manager\_internal\_tcl_data\msgs\kw_gb.msg
   Compressing: C:\Users\XKZ\Documents\VSCode Projects\CubeSetlistManager\dist\Cube Setlist Manager\_internal\_tcl_data\msgs\lt.msg
   Compressing: C:\Users\XKZ\Documents\VSCode Projects\CubeSetlistManager\dist\Cube Setlist Manager\_internal\_tcl_data\msgs\lv.msg
   Compressing: C:\Users\XKZ\Documents\VSCode Projects\CubeSetlistManager\dist\Cube Setlist Manager\_internal\_tcl_data\msgs\mk.msg
   Compressing: C:\Users\XKZ\Documents\VSCode Projects\CubeSetlistManager\dist\Cube Setlist Manager\_internal\_tcl_data\msgs\mr.msg
   Compressing: C:\Users\XKZ\Documents\VSCode Projects\CubeSetlistManager\dist\Cube Setlist Manager\_internal\_tcl_data\msgs\mr_in.msg
   Compressing: C:\Users\XKZ\Documents\VSCode Projects\CubeSetlistManager\dist\Cube Setlist Manager\_internal\_tcl_data\msgs\ms.msg
   Compressing: C:\Users\XKZ\Documents\VSCode Projects\CubeSetlistManager\dist\Cube Setlist Manager\_internal\_tcl_data\msgs\ms_my.msg
   Compressing: C:\Users\XKZ\Documents\VSCode Projects\CubeSetlistManager\dist\Cube Setlist Manager\_internal\_tcl_data\msgs\mt.msg
   Compressing: C:\Users\XKZ\Documents\VSCode Projects\CubeSetlistManager\dist\Cube Setlist Manager\_internal\_tcl_data\msgs\nb.msg
   Compressing: C:\Users\XKZ\Documents\VSCode Projects\CubeSetlistManager\dist\Cube Setlist Manager\_internal\_tcl_data\msgs\nl.msg
   Compressing: C:\Users\XKZ\Documents\VSCode Projects\CubeSetlistManager\dist\Cube Setlist Manager\_internal\_tcl_data\msgs\nl_be.msg
   Compressing: C:\Users\XKZ\Documents\VSCode Projects\CubeSetlistManager\dist\Cube Setlist Manager\_internal\_tcl_data\msgs\nn.msg
   Compressing: C:\Users\XKZ\Documents\VSCode Projects\CubeSetlistManager\dist\Cube Setlist Manager\_internal\_tcl_data\msgs\pl.msg
   Compressing: C:\Users\XKZ\Documents\VSCode Projects\CubeSetlistManager\dist\Cube Setlist Manager\_internal\_tcl_data\msgs\pt.msg
   Compressing: C:\Users\XKZ\Documents\VSCode Projects\CubeSetlistManager\dist\Cube Setlist Manager\_internal\_tcl_data\msgs\pt_br.msg
   Compressing: C:\Users\XKZ\Documents\VSCode Projects\CubeSetlistManager\dist\Cube Setlist Manager\_internal\_tcl_data\msgs\ro.msg
   Compressing: C:\Users\XKZ\Documents\VSCode Projects\CubeSetlistManager\dist\Cube Setlist Manager\_internal\_tcl_data\msgs\ru.msg
   Compressing: C:\Users\XKZ\Documents\VSCode Projects\CubeSetlistManager\dist\Cube Setlist Manager\_internal\_tcl_data\msgs\ru_ua.msg
   Compressing: C:\Users\XKZ\Documents\VSCode Projects\CubeSetlistManager\dist\Cube Setlist Manager\_internal\_tcl_data\msgs\sh.msg
   Compressing: C:\Users\XKZ\Documents\VSCode Projects\CubeSetlistManager\dist\Cube Setlist Manager\_internal\_tcl_data\msgs\sk.msg
   Compressing: C:\Users\XKZ\Documents\VSCode Projects\CubeSetlistManager\dist\Cube Setlist Manager\_internal\_tcl_data\msgs\sl.msg
   Compressing: C:\Users\XKZ\Documents\VSCode Projects\CubeSetlistManager\dist\Cube Setlist Manager\_internal\_tcl_data\msgs\sq.msg
   Compressing: C:\Users\XKZ\Documents\VSCode Projects\CubeSetlistManager\dist\Cube Setlist Manager\_internal\_tcl_data\msgs\sr.msg
   Compressing: C:\Users\XKZ\Documents\VSCode Projects\CubeSetlistManager\dist\Cube Setlist Manager\_internal\_tcl_data\msgs\sv.msg
   Compressing: C:\Users\XKZ\Documents\VSCode Projects\CubeSetlistManager\dist\Cube Setlist Manager\_internal\_tcl_data\msgs\sw.msg
   Compressing: C:\Users\XKZ\Documents\VSCode Projects\CubeSetlistManager\dist\Cube Setlist Manager\_internal\_tcl_data\msgs\ta.msg
   Compressing: C:\Users\XKZ\Documents\VSCode Projects\CubeSetlistManager\dist\Cube Setlist Manager\_internal\_tcl_data\msgs\ta_in.msg
   Compressing: C:\Users\XKZ\Documents\VSCode Projects\CubeSetlistManager\dist\Cube Setlist Manager\_internal\_tcl_data\msgs\te.msg
   Compressing: C:\Users\XKZ\Documents\VSCode Projects\CubeSetlistManager\dist\Cube Setlist Manager\_internal\_tcl_data\msgs\te_in.msg
   Compressing: C:\Users\XKZ\Documents\VSCode Projects\CubeSetlistManager\dist\Cube Setlist Manager\_internal\_tcl_data\msgs\th.msg
   Compressing: C:\Users\XKZ\Documents\VSCode Projects\CubeSetlistManager\dist\Cube Setlist Manager\_internal\_tcl_data\msgs\tr.msg
   Compressing: C:\Users\XKZ\Documents\VSCode Projects\CubeSetlistManager\dist\Cube Setlist Manager\_internal\_tcl_data\msgs\uk.msg
   Compressing: C:\Users\XKZ\Documents\VSCode Projects\CubeSetlistManager\dist\Cube Setlist Manager\_internal\_tcl_data\msgs\vi.msg
   Compressing: C:\Users\XKZ\Documents\VSCode Projects\CubeSetlistManager\dist\Cube Setlist Manager\_internal\_tcl_data\msgs\zh.msg
   Compressing: C:\Users\XKZ\Documents\VSCode Projects\CubeSetlistManager\dist\Cube Setlist Manager\_internal\_tcl_data\msgs\zh_cn.msg
   Compressing: C:\Users\XKZ\Documents\VSCode Projects\CubeSetlistManager\dist\Cube Setlist Manager\_internal\_tcl_data\msgs\zh_hk.msg
   Compressing: C:\Users\XKZ\Documents\VSCode Projects\CubeSetlistManager\dist\Cube Setlist Manager\_internal\_tcl_data\msgs\zh_sg.msg
   Compressing: C:\Users\XKZ\Documents\VSCode Projects\CubeSetlistManager\dist\Cube Setlist Manager\_internal\_tcl_data\msgs\zh_tw.msg
   Compressing: C:\Users\XKZ\Documents\VSCode Projects\CubeSetlistManager\dist\Cube Setlist Manager\_internal\_tcl_data\opt0.4\optparse.tcl
   Compressing: C:\Users\XKZ\Documents\VSCode Projects\CubeSetlistManager\dist\Cube Setlist Manager\_internal\_tcl_data\opt0.4\pkgIndex.tcl
   Compressing: C:\Users\XKZ\Documents\VSCode Projects\CubeSetlistManager\dist\Cube Setlist Manager\_internal\_tcl_data\tzdata\CET
   Compressing: C:\Users\XKZ\Documents\VSCode Projects\CubeSetlistManager\dist\Cube Setlist Manager\_internal\_tcl_data\tzdata\CST6CDT
   Compressing: C:\Users\XKZ\Documents\VSCode Projects\CubeSetlistManager\dist\Cube Setlist Manager\_internal\_tcl_data\tzdata\Cuba
   Compressing: C:\Users\XKZ\Documents\VSCode Projects\CubeSetlistManager\dist\Cube Setlist Manager\_internal\_tcl_data\tzdata\EET
   Compressing: C:\Users\XKZ\Documents\VSCode Projects\CubeSetlistManager\dist\Cube Setlist Manager\_internal\_tcl_data\tzdata\Egypt
   Compressing: C:\Users\XKZ\Documents\VSCode Projects\CubeSetlistManager\dist\Cube Setlist Manager\_internal\_tcl_data\tzdata\Eire
   Compressing: C:\Users\XKZ\Documents\VSCode Projects\CubeSetlistManager\dist\Cube Setlist Manager\_internal\_tcl_data\tzdata\EST
   Compressing: C:\Users\XKZ\Documents\VSCode Projects\CubeSetlistManager\dist\Cube Setlist Manager\_internal\_tcl_data\tzdata\EST5EDT
   Compressing: C:\Users\XKZ\Documents\VSCode Projects\CubeSetlistManager\dist\Cube Setlist Manager\_internal\_tcl_data\tzdata\GB
   Compressing: C:\Users\XKZ\Documents\VSCode Projects\CubeSetlistManager\dist\Cube Setlist Manager\_internal\_tcl_data\tzdata\GB-Eire
   Compressing: C:\Users\XKZ\Documents\VSCode Projects\CubeSetlistManager\dist\Cube Setlist Manager\_internal\_tcl_data\tzdata\GMT
   Compressing: C:\Users\XKZ\Documents\VSCode Projects\CubeSetlistManager\dist\Cube Setlist Manager\_internal\_tcl_data\tzdata\GMT+0
   Compressing: C:\Users\XKZ\Documents\VSCode Projects\CubeSetlistManager\dist\Cube Setlist Manager\_internal\_tcl_data\tzdata\GMT-0
   Compressing: C:\Users\XKZ\Documents\VSCode Projects\CubeSetlistManager\dist\Cube Setlist Manager\_internal\_tcl_data\tzdata\GMT0
   Compressing: C:\Users\XKZ\Documents\VSCode Projects\CubeSetlistManager\dist\Cube Setlist Manager\_internal\_tcl_data\tzdata\Greenwich
   Compressing: C:\Users\XKZ\Documents\VSCode Projects\CubeSetlistManager\dist\Cube Setlist Manager\_internal\_tcl_data\tzdata\Hongkong
   Compressing: C:\Users\XKZ\Documents\VSCode Projects\CubeSetlistManager\dist\Cube Setlist Manager\_internal\_tcl_data\tzdata\HST
   Compressing: C:\Users\XKZ\Documents\VSCode Projects\CubeSetlistManager\dist\Cube Setlist Manager\_internal\_tcl_data\tzdata\Iceland
   Compressing: C:\Users\XKZ\Documents\VSCode Projects\CubeSetlistManager\dist\Cube Setlist Manager\_internal\_tcl_data\tzdata\Iran
   Compressing: C:\Users\XKZ\Documents\VSCode Projects\CubeSetlistManager\dist\Cube Setlist Manager\_internal\_tcl_data\tzdata\Israel
   Compressing: C:\Users\XKZ\Documents\VSCode Projects\CubeSetlistManager\dist\Cube Setlist Manager\_internal\_tcl_data\tzdata\Jamaica
   Compressing: C:\Users\XKZ\Documents\VSCode Projects\CubeSetlistManager\dist\Cube Setlist Manager\_internal\_tcl_data\tzdata\Japan
   Compressing: C:\Users\XKZ\Documents\VSCode Projects\CubeSetlistManager\dist\Cube Setlist Manager\_internal\_tcl_data\tzdata\Kwajalein
   Compressing: C:\Users\XKZ\Documents\VSCode Projects\CubeSetlistManager\dist\Cube Setlist Manager\_internal\_tcl_data\tzdata\Libya
   Compressing: C:\Users\XKZ\Documents\VSCode Projects\CubeSetlistManager\dist\Cube Setlist Manager\_internal\_tcl_data\tzdata\MET
   Compressing: C:\Users\XKZ\Documents\VSCode Projects\CubeSetlistManager\dist\Cube Setlist Manager\_internal\_tcl_data\tzdata\MST
   Compressing: C:\Users\XKZ\Documents\VSCode Projects\CubeSetlistManager\dist\Cube Setlist Manager\_internal\_tcl_data\tzdata\MST7MDT
   Compressing: C:\Users\XKZ\Documents\VSCode Projects\CubeSetlistManager\dist\Cube Setlist Manager\_internal\_tcl_data\tzdata\Navajo
   Compressing: C:\Users\XKZ\Documents\VSCode Projects\CubeSetlistManager\dist\Cube Setlist Manager\_internal\_tcl_data\tzdata\NZ
   Compressing: C:\Users\XKZ\Documents\VSCode Projects\CubeSetlistManager\dist\Cube Setlist Manager\_internal\_tcl_data\tzdata\NZ-CHAT
   Compressing: C:\Users\XKZ\Documents\VSCode Projects\CubeSetlistManager\dist\Cube Setlist Manager\_internal\_tcl_data\tzdata\Poland
   Compressing: C:\Users\XKZ\Documents\VSCode Projects\CubeSetlistManager\dist\Cube Setlist Manager\_internal\_tcl_data\tzdata\Portugal
   Compressing: C:\Users\XKZ\Documents\VSCode Projects\CubeSetlistManager\dist\Cube Setlist Manager\_internal\_tcl_data\tzdata\PRC
   Compressing: C:\Users\XKZ\Documents\VSCode Projects\CubeSetlistManager\dist\Cube Setlist Manager\_internal\_tcl_data\tzdata\PST8PDT
   Compressing: C:\Users\XKZ\Documents\VSCode Projects\CubeSetlistManager\dist\Cube Setlist Manager\_internal\_tcl_data\tzdata\ROC
   Compressing: C:\Users\XKZ\Documents\VSCode Projects\CubeSetlistManager\dist\Cube Setlist Manager\_internal\_tcl_data\tzdata\ROK
   Compressing: C:\Users\XKZ\Documents\VSCode Projects\CubeSetlistManager\dist\Cube Setlist Manager\_internal\_tcl_data\tzdata\Singapore
   Compressing: C:\Users\XKZ\Documents\VSCode Projects\CubeSetlistManager\dist\Cube Setlist Manager\_internal\_tcl_data\tzdata\Turkey
   Compressing: C:\Users\XKZ\Documents\VSCode Projects\CubeSetlistManager\dist\Cube Setlist Manager\_internal\_tcl_data\tzdata\UCT
   Compressing: C:\Users\XKZ\Documents\VSCode Projects\CubeSetlistManager\dist\Cube Setlist Manager\_internal\_tcl_data\tzdata\Universal
   Compressing: C:\Users\XKZ\Documents\VSCode Projects\CubeSetlistManager\dist\Cube Setlist Manager\_internal\_tcl_data\tzdata\UTC
   Compressing: C:\Users\XKZ\Documents\VSCode Projects\CubeSetlistManager\dist\Cube Setlist Manager\_internal\_tcl_data\tzdata\W-SU
   Compressing: C:\Users\XKZ\Documents\VSCode Projects\CubeSetlistManager\dist\Cube Setlist Manager\_internal\_tcl_data\tzdata\WET
   Compressing: C:\Users\XKZ\Documents\VSCode Projects\CubeSetlistManager\dist\Cube Setlist Manager\_internal\_tcl_data\tzdata\Zulu
   Compressing: C:\Users\XKZ\Documents\VSCode Projects\CubeSetlistManager\dist\Cube Setlist Manager\_internal\_tcl_data\tzdata\Africa\Abidjan
   Compressing: C:\Users\XKZ\Documents\VSCode Projects\CubeSetlistManager\dist\Cube Setlist Manager\_internal\_tcl_data\tzdata\Africa\Accra
   Compressing: C:\Users\XKZ\Documents\VSCode Projects\CubeSetlistManager\dist\Cube Setlist Manager\_internal\_tcl_data\tzdata\Africa\Addis_Ababa
   Compressing: C:\Users\XKZ\Documents\VSCode Projects\CubeSetlistManager\dist\Cube Setlist Manager\_internal\_tcl_data\tzdata\Africa\Algiers
   Compressing: C:\Users\XKZ\Documents\VSCode Projects\CubeSetlistManager\dist\Cube Setlist Manager\_internal\_tcl_data\tzdata\Africa\Asmara
   Compressing: C:\Users\XKZ\Documents\VSCode Projects\CubeSetlistManager\dist\Cube Setlist Manager\_internal\_tcl_data\tzdata\Africa\Asmera
   Compressing: C:\Users\XKZ\Documents\VSCode Projects\CubeSetlistManager\dist\Cube Setlist Manager\_internal\_tcl_data\tzdata\Africa\Bamako
   Compressing: C:\Users\XKZ\Documents\VSCode Projects\CubeSetlistManager\dist\Cube Setlist Manager\_internal\_tcl_data\tzdata\Africa\Bangui
   Compressing: C:\Users\XKZ\Documents\VSCode Projects\CubeSetlistManager\dist\Cube Setlist Manager\_internal\_tcl_data\tzdata\Africa\Banjul
   Compressing: C:\Users\XKZ\Documents\VSCode Projects\CubeSetlistManager\dist\Cube Setlist Manager\_internal\_tcl_data\tzdata\Africa\Bissau
   Compressing: C:\Users\XKZ\Documents\VSCode Projects\CubeSetlistManager\dist\Cube Setlist Manager\_internal\_tcl_data\tzdata\Africa\Blantyre
   Compressing: C:\Users\XKZ\Documents\VSCode Projects\CubeSetlistManager\dist\Cube Setlist Manager\_internal\_tcl_data\tzdata\Africa\Brazzaville
   Compressing: C:\Users\XKZ\Documents\VSCode Projects\CubeSetlistManager\dist\Cube Setlist Manager\_internal\_tcl_data\tzdata\Africa\Bujumbura
   Compressing: C:\Users\XKZ\Documents\VSCode Projects\CubeSetlistManager\dist\Cube Setlist Manager\_internal\_tcl_data\tzdata\Africa\Cairo
   Compressing: C:\Users\XKZ\Documents\VSCode Projects\CubeSetlistManager\dist\Cube Setlist Manager\_internal\_tcl_data\tzdata\Africa\Casablanca
   Compressing: C:\Users\XKZ\Documents\VSCode Projects\CubeSetlistManager\dist\Cube Setlist Manager\_internal\_tcl_data\tzdata\Africa\Ceuta
   Compressing: C:\Users\XKZ\Documents\VSCode Projects\CubeSetlistManager\dist\Cube Setlist Manager\_internal\_tcl_data\tzdata\Africa\Conakry
   Compressing: C:\Users\XKZ\Documents\VSCode Projects\CubeSetlistManager\dist\Cube Setlist Manager\_internal\_tcl_data\tzdata\Africa\Dakar
   Compressing: C:\Users\XKZ\Documents\VSCode Projects\CubeSetlistManager\dist\Cube Setlist Manager\_internal\_tcl_data\tzdata\Africa\Dar_es_Salaam
   Compressing: C:\Users\XKZ\Documents\VSCode Projects\CubeSetlistManager\dist\Cube Setlist Manager\_internal\_tcl_data\tzdata\Africa\Djibouti
   Compressing: C:\Users\XKZ\Documents\VSCode Projects\CubeSetlistManager\dist\Cube Setlist Manager\_internal\_tcl_data\tzdata\Africa\Douala
   Compressing: C:\Users\XKZ\Documents\VSCode Projects\CubeSetlistManager\dist\Cube Setlist Manager\_internal\_tcl_data\tzdata\Africa\El_Aaiun
   Compressing: C:\Users\XKZ\Documents\VSCode Projects\CubeSetlistManager\dist\Cube Setlist Manager\_internal\_tcl_data\tzdata\Africa\Freetown
   Compressing: C:\Users\XKZ\Documents\VSCode Projects\CubeSetlistManager\dist\Cube Setlist Manager\_internal\_tcl_data\tzdata\Africa\Gaborone
   Compressing: C:\Users\XKZ\Documents\VSCode Projects\CubeSetlistManager\dist\Cube Setlist Manager\_internal\_tcl_data\tzdata\Africa\Harare
   Compressing: C:\Users\XKZ\Documents\VSCode Projects\CubeSetlistManager\dist\Cube Setlist Manager\_internal\_tcl_data\tzdata\Africa\Johannesburg
   Compressing: C:\Users\XKZ\Documents\VSCode Projects\CubeSetlistManager\dist\Cube Setlist Manager\_internal\_tcl_data\tzdata\Africa\Juba
   Compressing: C:\Users\XKZ\Documents\VSCode Projects\CubeSetlistManager\dist\Cube Setlist Manager\_internal\_tcl_data\tzdata\Africa\Kampala
   Compressing: C:\Users\XKZ\Documents\VSCode Projects\CubeSetlistManager\dist\Cube Setlist Manager\_internal\_tcl_data\tzdata\Africa\Khartoum
   Compressing: C:\Users\XKZ\Documents\VSCode Projects\CubeSetlistManager\dist\Cube Setlist Manager\_internal\_tcl_data\tzdata\Africa\Kigali
   Compressing: C:\Users\XKZ\Documents\VSCode Projects\CubeSetlistManager\dist\Cube Setlist Manager\_internal\_tcl_data\tzdata\Africa\Kinshasa
   Compressing: C:\Users\XKZ\Documents\VSCode Projects\CubeSetlistManager\dist\Cube Setlist Manager\_internal\_tcl_data\tzdata\Africa\Lagos
   Compressing: C:\Users\XKZ\Documents\VSCode Projects\CubeSetlistManager\dist\Cube Setlist Manager\_internal\_tcl_data\tzdata\Africa\Libreville
   Compressing: C:\Users\XKZ\Documents\VSCode Projects\CubeSetlistManager\dist\Cube Setlist Manager\_internal\_tcl_data\tzdata\Africa\Lome
   Compressing: C:\Users\XKZ\Documents\VSCode Projects\CubeSetlistManager\dist\Cube Setlist Manager\_internal\_tcl_data\tzdata\Africa\Luanda
   Compressing: C:\Users\XKZ\Documents\VSCode Projects\CubeSetlistManager\dist\Cube Setlist Manager\_internal\_tcl_data\tzdata\Africa\Lubumbashi
   Compressing: C:\Users\XKZ\Documents\VSCode Projects\CubeSetlistManager\dist\Cube Setlist Manager\_internal\_tcl_data\tzdata\Africa\Lusaka
   Compressing: C:\Users\XKZ\Documents\VSCode Projects\CubeSetlistManager\dist\Cube Setlist Manager\_internal\_tcl_data\tzdata\Africa\Malabo
   Compressing: C:\Users\XKZ\Documents\VSCode Projects\CubeSetlistManager\dist\Cube Setlist Manager\_internal\_tcl_data\tzdata\Africa\Maputo
   Compressing: C:\Users\XKZ\Documents\VSCode Projects\CubeSetlistManager\dist\Cube Setlist Manager\_internal\_tcl_data\tzdata\Africa\Maseru
   Compressing: C:\Users\XKZ\Documents\VSCode Projects\CubeSetlistManager\dist\Cube Setlist Manager\_internal\_tcl_data\tzdata\Africa\Mbabane
   Compressing: C:\Users\XKZ\Documents\VSCode Projects\CubeSetlistManager\dist\Cube Setlist Manager\_internal\_tcl_data\tzdata\Africa\Mogadishu
   Compressing: C:\Users\XKZ\Documents\VSCode Projects\CubeSetlistManager\dist\Cube Setlist Manager\_internal\_tcl_data\tzdata\Africa\Monrovia
   Compressing: C:\Users\XKZ\Documents\VSCode Projects\CubeSetlistManager\dist\Cube Setlist Manager\_internal\_tcl_data\tzdata\Africa\Nairobi
   Compressing: C:\Users\XKZ\Documents\VSCode Projects\CubeSetlistManager\dist\Cube Setlist Manager\_internal\_tcl_data\tzdata\Africa\Ndjamena
   Compressing: C:\Users\XKZ\Documents\VSCode Projects\CubeSetlistManager\dist\Cube Setlist Manager\_internal\_tcl_data\tzdata\Africa\Niamey
   Compressing: C:\Users\XKZ\Documents\VSCode Projects\CubeSetlistManager\dist\Cube Setlist Manager\_internal\_tcl_data\tzdata\Africa\Nouakchott
   Compressing: C:\Users\XKZ\Documents\VSCode Projects\CubeSetlistManager\dist\Cube Setlist Manager\_internal\_tcl_data\tzdata\Africa\Ouagadougou
   Compressing: C:\Users\XKZ\Documents\VSCode Projects\CubeSetlistManager\dist\Cube Setlist Manager\_internal\_tcl_data\tzdata\Africa\Porto-Novo
   Compressing: C:\Users\XKZ\Documents\VSCode Projects\CubeSetlistManager\dist\Cube Setlist Manager\_internal\_tcl_data\tzdata\Africa\Sao_Tome
   Compressing: C:\Users\XKZ\Documents\VSCode Projects\CubeSetlistManager\dist\Cube Setlist Manager\_internal\_tcl_data\tzdata\Africa\Timbuktu
   Compressing: C:\Users\XKZ\Documents\VSCode Projects\CubeSetlistManager\dist\Cube Setlist Manager\_internal\_tcl_data\tzdata\Africa\Tripoli
   Compressing: C:\Users\XKZ\Documents\VSCode Projects\CubeSetlistManager\dist\Cube Setlist Manager\_internal\_tcl_data\tzdata\Africa\Tunis
   Compressing: C:\Users\XKZ\Documents\VSCode Projects\CubeSetlistManager\dist\Cube Setlist Manager\_internal\_tcl_data\tzdata\Africa\Windhoek
   Compressing: C:\Users\XKZ\Documents\VSCode Projects\CubeSetlistManager\dist\Cube Setlist Manager\_internal\_tcl_data\tzdata\America\Adak
   Compressing: C:\Users\XKZ\Documents\VSCode Projects\CubeSetlistManager\dist\Cube Setlist Manager\_internal\_tcl_data\tzdata\America\Anchorage
   Compressing: C:\Users\XKZ\Documents\VSCode Projects\CubeSetlistManager\dist\Cube Setlist Manager\_internal\_tcl_data\tzdata\America\Anguilla
   Compressing: C:\Users\XKZ\Documents\VSCode Projects\CubeSetlistManager\dist\Cube Setlist Manager\_internal\_tcl_data\tzdata\America\Antigua
   Compressing: C:\Users\XKZ\Documents\VSCode Projects\CubeSetlistManager\dist\Cube Setlist Manager\_internal\_tcl_data\tzdata\America\Araguaina
   Compressing: C:\Users\XKZ\Documents\VSCode Projects\CubeSetlistManager\dist\Cube Setlist Manager\_internal\_tcl_data\tzdata\America\Aruba
   Compressing: C:\Users\XKZ\Documents\VSCode Projects\CubeSetlistManager\dist\Cube Setlist Manager\_internal\_tcl_data\tzdata\America\Asuncion
   Compressing: C:\Users\XKZ\Documents\VSCode Projects\CubeSetlistManager\dist\Cube Setlist Manager\_internal\_tcl_data\tzdata\America\Atikokan
   Compressing: C:\Users\XKZ\Documents\VSCode Projects\CubeSetlistManager\dist\Cube Setlist Manager\_internal\_tcl_data\tzdata\America\Atka
   Compressing: C:\Users\XKZ\Documents\VSCode Projects\CubeSetlistManager\dist\Cube Setlist Manager\_internal\_tcl_data\tzdata\America\Bahia
   Compressing: C:\Users\XKZ\Documents\VSCode Projects\CubeSetlistManager\dist\Cube Setlist Manager\_internal\_tcl_data\tzdata\America\Bahia_Banderas
   Compressing: C:\Users\XKZ\Documents\VSCode Projects\CubeSetlistManager\dist\Cube Setlist Manager\_internal\_tcl_data\tzdata\America\Barbados
   Compressing: C:\Users\XKZ\Documents\VSCode Projects\CubeSetlistManager\dist\Cube Setlist Manager\_internal\_tcl_data\tzdata\America\Belem
   Compressing: C:\Users\XKZ\Documents\VSCode Projects\CubeSetlistManager\dist\Cube Setlist Manager\_internal\_tcl_data\tzdata\America\Belize
   Compressing: C:\Users\XKZ\Documents\VSCode Projects\CubeSetlistManager\dist\Cube Setlist Manager\_internal\_tcl_data\tzdata\America\Blanc-Sablon
   Compressing: C:\Users\XKZ\Documents\VSCode Projects\CubeSetlistManager\dist\Cube Setlist Manager\_internal\_tcl_data\tzdata\America\Boa_Vista
   Compressing: C:\Users\XKZ\Documents\VSCode Projects\CubeSetlistManager\dist\Cube Setlist Manager\_internal\_tcl_data\tzdata\America\Bogota
   Compressing: C:\Users\XKZ\Documents\VSCode Projects\CubeSetlistManager\dist\Cube Setlist Manager\_internal\_tcl_data\tzdata\America\Boise
   Compressing: C:\Users\XKZ\Documents\VSCode Projects\CubeSetlistManager\dist\Cube Setlist Manager\_internal\_tcl_data\tzdata\America\Buenos_Aires
   Compressing: C:\Users\XKZ\Documents\VSCode Projects\CubeSetlistManager\dist\Cube Setlist Manager\_internal\_tcl_data\tzdata\America\Cambridge_Bay
   Compressing: C:\Users\XKZ\Documents\VSCode Projects\CubeSetlistManager\dist\Cube Setlist Manager\_internal\_tcl_data\tzdata\America\Campo_Grande
   Compressing: C:\Users\XKZ\Documents\VSCode Projects\CubeSetlistManager\dist\Cube Setlist Manager\_internal\_tcl_data\tzdata\America\Cancun
   Compressing: C:\Users\XKZ\Documents\VSCode Projects\CubeSetlistManager\dist\Cube Setlist Manager\_internal\_tcl_data\tzdata\America\Caracas
   Compressing: C:\Users\XKZ\Documents\VSCode Projects\CubeSetlistManager\dist\Cube Setlist Manager\_internal\_tcl_data\tzdata\America\Catamarca
   Compressing: C:\Users\XKZ\Documents\VSCode Projects\CubeSetlistManager\dist\Cube Setlist Manager\_internal\_tcl_data\tzdata\America\Cayenne
   Compressing: C:\Users\XKZ\Documents\VSCode Projects\CubeSetlistManager\dist\Cube Setlist Manager\_internal\_tcl_data\tzdata\America\Cayman
   Compressing: C:\Users\XKZ\Documents\VSCode Projects\CubeSetlistManager\dist\Cube Setlist Manager\_internal\_tcl_data\tzdata\America\Chicago
   Compressing: C:\Users\XKZ\Documents\VSCode Projects\CubeSetlistManager\dist\Cube Setlist Manager\_internal\_tcl_data\tzdata\America\Chihuahua
   Compressing: C:\Users\XKZ\Documents\VSCode Projects\CubeSetlistManager\dist\Cube Setlist Manager\_internal\_tcl_data\tzdata\America\Ciudad_Juarez
   Compressing: C:\Users\XKZ\Documents\VSCode Projects\CubeSetlistManager\dist\Cube Setlist Manager\_internal\_tcl_data\tzdata\America\Coral_Harbour
   Compressing: C:\Users\XKZ\Documents\VSCode Projects\CubeSetlistManager\dist\Cube Setlist Manager\_internal\_tcl_data\tzdata\America\Cordoba
   Compressing: C:\Users\XKZ\Documents\VSCode Projects\CubeSetlistManager\dist\Cube Setlist Manager\_internal\_tcl_data\tzdata\America\Costa_Rica
   Compressing: C:\Users\XKZ\Documents\VSCode Projects\CubeSetlistManager\dist\Cube Setlist Manager\_internal\_tcl_data\tzdata\America\Creston
   Compressing: C:\Users\XKZ\Documents\VSCode Projects\CubeSetlistManager\dist\Cube Setlist Manager\_internal\_tcl_data\tzdata\America\Cuiaba
   Compressing: C:\Users\XKZ\Documents\VSCode Projects\CubeSetlistManager\dist\Cube Setlist Manager\_internal\_tcl_data\tzdata\America\Curacao
   Compressing: C:\Users\XKZ\Documents\VSCode Projects\CubeSetlistManager\dist\Cube Setlist Manager\_internal\_tcl_data\tzdata\America\Danmarkshavn
   Compressing: C:\Users\XKZ\Documents\VSCode Projects\CubeSetlistManager\dist\Cube Setlist Manager\_internal\_tcl_data\tzdata\America\Dawson
   Compressing: C:\Users\XKZ\Documents\VSCode Projects\CubeSetlistManager\dist\Cube Setlist Manager\_internal\_tcl_data\tzdata\America\Dawson_Creek
   Compressing: C:\Users\XKZ\Documents\VSCode Projects\CubeSetlistManager\dist\Cube Setlist Manager\_internal\_tcl_data\tzdata\America\Denver
   Compressing: C:\Users\XKZ\Documents\VSCode Projects\CubeSetlistManager\dist\Cube Setlist Manager\_internal\_tcl_data\tzdata\America\Detroit
   Compressing: C:\Users\XKZ\Documents\VSCode Projects\CubeSetlistManager\dist\Cube Setlist Manager\_internal\_tcl_data\tzdata\America\Dominica
   Compressing: C:\Users\XKZ\Documents\VSCode Projects\CubeSetlistManager\dist\Cube Setlist Manager\_internal\_tcl_data\tzdata\America\Edmonton
   Compressing: C:\Users\XKZ\Documents\VSCode Projects\CubeSetlistManager\dist\Cube Setlist Manager\_internal\_tcl_data\tzdata\America\Eirunepe
   Compressing: C:\Users\XKZ\Documents\VSCode Projects\CubeSetlistManager\dist\Cube Setlist Manager\_internal\_tcl_data\tzdata\America\El_Salvador
   Compressing: C:\Users\XKZ\Documents\VSCode Projects\CubeSetlistManager\dist\Cube Setlist Manager\_internal\_tcl_data\tzdata\America\Ensenada
   Compressing: C:\Users\XKZ\Documents\VSCode Projects\CubeSetlistManager\dist\Cube Setlist Manager\_internal\_tcl_data\tzdata\America\Fortaleza
   Compressing: C:\Users\XKZ\Documents\VSCode Projects\CubeSetlistManager\dist\Cube Setlist Manager\_internal\_tcl_data\tzdata\America\Fort_Nelson
   Compressing: C:\Users\XKZ\Documents\VSCode Projects\CubeSetlistManager\dist\Cube Setlist Manager\_internal\_tcl_data\tzdata\America\Fort_Wayne
   Compressing: C:\Users\XKZ\Documents\VSCode Projects\CubeSetlistManager\dist\Cube Setlist Manager\_internal\_tcl_data\tzdata\America\Glace_Bay
   Compressing: C:\Users\XKZ\Documents\VSCode Projects\CubeSetlistManager\dist\Cube Setlist Manager\_internal\_tcl_data\tzdata\America\Godthab
   Compressing: C:\Users\XKZ\Documents\VSCode Projects\CubeSetlistManager\dist\Cube Setlist Manager\_internal\_tcl_data\tzdata\America\Goose_Bay
   Compressing: C:\Users\XKZ\Documents\VSCode Projects\CubeSetlistManager\dist\Cube Setlist Manager\_internal\_tcl_data\tzdata\America\Grand_Turk
   Compressing: C:\Users\XKZ\Documents\VSCode Projects\CubeSetlistManager\dist\Cube Setlist Manager\_internal\_tcl_data\tzdata\America\Grenada
   Compressing: C:\Users\XKZ\Documents\VSCode Projects\CubeSetlistManager\dist\Cube Setlist Manager\_internal\_tcl_data\tzdata\America\Guadeloupe
   Compressing: C:\Users\XKZ\Documents\VSCode Projects\CubeSetlistManager\dist\Cube Setlist Manager\_internal\_tcl_data\tzdata\America\Guatemala
   Compressing: C:\Users\XKZ\Documents\VSCode Projects\CubeSetlistManager\dist\Cube Setlist Manager\_internal\_tcl_data\tzdata\America\Guayaquil
   Compressing: C:\Users\XKZ\Documents\VSCode Projects\CubeSetlistManager\dist\Cube Setlist Manager\_internal\_tcl_data\tzdata\America\Guyana
   Compressing: C:\Users\XKZ\Documents\VSCode Projects\CubeSetlistManager\dist\Cube Setlist Manager\_internal\_tcl_data\tzdata\America\Halifax
   Compressing: C:\Users\XKZ\Documents\VSCode Projects\CubeSetlistManager\dist\Cube Setlist Manager\_internal\_tcl_data\tzdata\America\Havana
   Compressing: C:\Users\XKZ\Documents\VSCode Projects\CubeSetlistManager\dist\Cube Setlist Manager\_internal\_tcl_data\tzdata\America\Hermosillo
   Compressing: C:\Users\XKZ\Documents\VSCode Projects\CubeSetlistManager\dist\Cube Setlist Manager\_internal\_tcl_data\tzdata\America\Indianapolis
   Compressing: C:\Users\XKZ\Documents\VSCode Projects\CubeSetlistManager\dist\Cube Setlist Manager\_internal\_tcl_data\tzdata\America\Inuvik
   Compressing: C:\Users\XKZ\Documents\VSCode Projects\CubeSetlistManager\dist\Cube Setlist Manager\_internal\_tcl_data\tzdata\America\Iqaluit
   Compressing: C:\Users\XKZ\Documents\VSCode Projects\CubeSetlistManager\dist\Cube Setlist Manager\_internal\_tcl_data\tzdata\America\Jamaica
   Compressing: C:\Users\XKZ\Documents\VSCode Projects\CubeSetlistManager\dist\Cube Setlist Manager\_internal\_tcl_data\tzdata\America\Jujuy
   Compressing: C:\Users\XKZ\Documents\VSCode Projects\CubeSetlistManager\dist\Cube Setlist Manager\_internal\_tcl_data\tzdata\America\Juneau
   Compressing: C:\Users\XKZ\Documents\VSCode Projects\CubeSetlistManager\dist\Cube Setlist Manager\_internal\_tcl_data\tzdata\America\Knox_IN
   Compressing: C:\Users\XKZ\Documents\VSCode Projects\CubeSetlistManager\dist\Cube Setlist Manager\_internal\_tcl_data\tzdata\America\Kralendijk
   Compressing: C:\Users\XKZ\Documents\VSCode Projects\CubeSetlistManager\dist\Cube Setlist Manager\_internal\_tcl_data\tzdata\America\La_Paz
   Compressing: C:\Users\XKZ\Documents\VSCode Projects\CubeSetlistManager\dist\Cube Setlist Manager\_internal\_tcl_data\tzdata\America\Lima
   Compressing: C:\Users\XKZ\Documents\VSCode Projects\CubeSetlistManager\dist\Cube Setlist Manager\_internal\_tcl_data\tzdata\America\Los_Angeles
   Compressing: C:\Users\XKZ\Documents\VSCode Projects\CubeSetlistManager\dist\Cube Setlist Manager\_internal\_tcl_data\tzdata\America\Louisville
   Compressing: C:\Users\XKZ\Documents\VSCode Projects\CubeSetlistManager\dist\Cube Setlist Manager\_internal\_tcl_data\tzdata\America\Lower_Princes
   Compressing: C:\Users\XKZ\Documents\VSCode Projects\CubeSetlistManager\dist\Cube Setlist Manager\_internal\_tcl_data\tzdata\America\Maceio
   Compressing: C:\Users\XKZ\Documents\VSCode Projects\CubeSetlistManager\dist\Cube Setlist Manager\_internal\_tcl_data\tzdata\America\Managua
   Compressing: C:\Users\XKZ\Documents\VSCode Projects\CubeSetlistManager\dist\Cube Setlist Manager\_internal\_tcl_data\tzdata\America\Manaus
   Compressing: C:\Users\XKZ\Documents\VSCode Projects\CubeSetlistManager\dist\Cube Setlist Manager\_internal\_tcl_data\tzdata\America\Marigot
   Compressing: C:\Users\XKZ\Documents\VSCode Projects\CubeSetlistManager\dist\Cube Setlist Manager\_internal\_tcl_data\tzdata\America\Martinique
   Compressing: C:\Users\XKZ\Documents\VSCode Projects\CubeSetlistManager\dist\Cube Setlist Manager\_internal\_tcl_data\tzdata\America\Matamoros
   Compressing: C:\Users\XKZ\Documents\VSCode Projects\CubeSetlistManager\dist\Cube Setlist Manager\_internal\_tcl_data\tzdata\America\Mazatlan
   Compressing: C:\Users\XKZ\Documents\VSCode Projects\CubeSetlistManager\dist\Cube Setlist Manager\_internal\_tcl_data\tzdata\America\Mendoza
   Compressing: C:\Users\XKZ\Documents\VSCode Projects\CubeSetlistManager\dist\Cube Setlist Manager\_internal\_tcl_data\tzdata\America\Menominee
   Compressing: C:\Users\XKZ\Documents\VSCode Projects\CubeSetlistManager\dist\Cube Setlist Manager\_internal\_tcl_data\tzdata\America\Merida
   Compressing: C:\Users\XKZ\Documents\VSCode Projects\CubeSetlistManager\dist\Cube Setlist Manager\_internal\_tcl_data\tzdata\America\Metlakatla
   Compressing: C:\Users\XKZ\Documents\VSCode Projects\CubeSetlistManager\dist\Cube Setlist Manager\_internal\_tcl_data\tzdata\America\Mexico_City
   Compressing: C:\Users\XKZ\Documents\VSCode Projects\CubeSetlistManager\dist\Cube Setlist Manager\_internal\_tcl_data\tzdata\America\Miquelon
   Compressing: C:\Users\XKZ\Documents\VSCode Projects\CubeSetlistManager\dist\Cube Setlist Manager\_internal\_tcl_data\tzdata\America\Moncton
   Compressing: C:\Users\XKZ\Documents\VSCode Projects\CubeSetlistManager\dist\Cube Setlist Manager\_internal\_tcl_data\tzdata\America\Monterrey
   Compressing: C:\Users\XKZ\Documents\VSCode Projects\CubeSetlistManager\dist\Cube Setlist Manager\_internal\_tcl_data\tzdata\America\Montevideo
   Compressing: C:\Users\XKZ\Documents\VSCode Projects\CubeSetlistManager\dist\Cube Setlist Manager\_internal\_tcl_data\tzdata\America\Montreal
   Compressing: C:\Users\XKZ\Documents\VSCode Projects\CubeSetlistManager\dist\Cube Setlist Manager\_internal\_tcl_data\tzdata\America\Montserrat
   Compressing: C:\Users\XKZ\Documents\VSCode Projects\CubeSetlistManager\dist\Cube Setlist Manager\_internal\_tcl_data\tzdata\America\Nassau
   Compressing: C:\Users\XKZ\Documents\VSCode Projects\CubeSetlistManager\dist\Cube Setlist Manager\_internal\_tcl_data\tzdata\America\New_York
   Compressing: C:\Users\XKZ\Documents\VSCode Projects\CubeSetlistManager\dist\Cube Setlist Manager\_internal\_tcl_data\tzdata\America\Nipigon
   Compressing: C:\Users\XKZ\Documents\VSCode Projects\CubeSetlistManager\dist\Cube Setlist Manager\_internal\_tcl_data\tzdata\America\Nome
   Compressing: C:\Users\XKZ\Documents\VSCode Projects\CubeSetlistManager\dist\Cube Setlist Manager\_internal\_tcl_data\tzdata\America\Noronha
   Compressing: C:\Users\XKZ\Documents\VSCode Projects\CubeSetlistManager\dist\Cube Setlist Manager\_internal\_tcl_data\tzdata\America\Nuuk
   Compressing: C:\Users\XKZ\Documents\VSCode Projects\CubeSetlistManager\dist\Cube Setlist Manager\_internal\_tcl_data\tzdata\America\Ojinaga
   Compressing: C:\Users\XKZ\Documents\VSCode Projects\CubeSetlistManager\dist\Cube Setlist Manager\_internal\_tcl_data\tzdata\America\Panama
   Compressing: C:\Users\XKZ\Documents\VSCode Projects\CubeSetlistManager\dist\Cube Setlist Manager\_internal\_tcl_data\tzdata\America\Pangnirtung
   Compressing: C:\Users\XKZ\Documents\VSCode Projects\CubeSetlistManager\dist\Cube Setlist Manager\_internal\_tcl_data\tzdata\America\Paramaribo
   Compressing: C:\Users\XKZ\Documents\VSCode Projects\CubeSetlistManager\dist\Cube Setlist Manager\_internal\_tcl_data\tzdata\America\Phoenix
   Compressing: C:\Users\XKZ\Documents\VSCode Projects\CubeSetlistManager\dist\Cube Setlist Manager\_internal\_tcl_data\tzdata\America\Port-au-Prince
   Compressing: C:\Users\XKZ\Documents\VSCode Projects\CubeSetlistManager\dist\Cube Setlist Manager\_internal\_tcl_data\tzdata\America\Porto_Acre
   Compressing: C:\Users\XKZ\Documents\VSCode Projects\CubeSetlistManager\dist\Cube Setlist Manager\_internal\_tcl_data\tzdata\America\Porto_Velho
   Compressing: C:\Users\XKZ\Documents\VSCode Projects\CubeSetlistManager\dist\Cube Setlist Manager\_internal\_tcl_data\tzdata\America\Port_of_Spain
   Compressing: C:\Users\XKZ\Documents\VSCode Projects\CubeSetlistManager\dist\Cube Setlist Manager\_internal\_tcl_data\tzdata\America\Puerto_Rico
   Compressing: C:\Users\XKZ\Documents\VSCode Projects\CubeSetlistManager\dist\Cube Setlist Manager\_internal\_tcl_data\tzdata\America\Punta_Arenas
   Compressing: C:\Users\XKZ\Documents\VSCode Projects\CubeSetlistManager\dist\Cube Setlist Manager\_internal\_tcl_data\tzdata\America\Rainy_River
   Compressing: C:\Users\XKZ\Documents\VSCode Projects\CubeSetlistManager\dist\Cube Setlist Manager\_internal\_tcl_data\tzdata\America\Rankin_Inlet
   Compressing: C:\Users\XKZ\Documents\VSCode Projects\CubeSetlistManager\dist\Cube Setlist Manager\_internal\_tcl_data\tzdata\America\Recife
   Compressing: C:\Users\XKZ\Documents\VSCode Projects\CubeSetlistManager\dist\Cube Setlist Manager\_internal\_tcl_data\tzdata\America\Regina
   Compressing: C:\Users\XKZ\Documents\VSCode Projects\CubeSetlistManager\dist\Cube Setlist Manager\_internal\_tcl_data\tzdata\America\Resolute
   Compressing: C:\Users\XKZ\Documents\VSCode Projects\CubeSetlistManager\dist\Cube Setlist Manager\_internal\_tcl_data\tzdata\America\Rio_Branco
   Compressing: C:\Users\XKZ\Documents\VSCode Projects\CubeSetlistManager\dist\Cube Setlist Manager\_internal\_tcl_data\tzdata\America\Rosario
   Compressing: C:\Users\XKZ\Documents\VSCode Projects\CubeSetlistManager\dist\Cube Setlist Manager\_internal\_tcl_data\tzdata\America\Santarem
   Compressing: C:\Users\XKZ\Documents\VSCode Projects\CubeSetlistManager\dist\Cube Setlist Manager\_internal\_tcl_data\tzdata\America\Santa_Isabel
   Compressing: C:\Users\XKZ\Documents\VSCode Projects\CubeSetlistManager\dist\Cube Setlist Manager\_internal\_tcl_data\tzdata\America\Santiago
   Compressing: C:\Users\XKZ\Documents\VSCode Projects\CubeSetlistManager\dist\Cube Setlist Manager\_internal\_tcl_data\tzdata\America\Santo_Domingo
   Compressing: C:\Users\XKZ\Documents\VSCode Projects\CubeSetlistManager\dist\Cube Setlist Manager\_internal\_tcl_data\tzdata\America\Sao_Paulo
   Compressing: C:\Users\XKZ\Documents\VSCode Projects\CubeSetlistManager\dist\Cube Setlist Manager\_internal\_tcl_data\tzdata\America\Scoresbysund
   Compressing: C:\Users\XKZ\Documents\VSCode Projects\CubeSetlistManager\dist\Cube Setlist Manager\_internal\_tcl_data\tzdata\America\Shiprock
   Compressing: C:\Users\XKZ\Documents\VSCode Projects\CubeSetlistManager\dist\Cube Setlist Manager\_internal\_tcl_data\tzdata\America\Sitka
   Compressing: C:\Users\XKZ\Documents\VSCode Projects\CubeSetlistManager\dist\Cube Setlist Manager\_internal\_tcl_data\tzdata\America\St_Barthelemy
   Compressing: C:\Users\XKZ\Documents\VSCode Projects\CubeSetlistManager\dist\Cube Setlist Manager\_internal\_tcl_data\tzdata\America\St_Johns
   Compressing: C:\Users\XKZ\Documents\VSCode Projects\CubeSetlistManager\dist\Cube Setlist Manager\_internal\_tcl_data\tzdata\America\St_Kitts
   Compressing: C:\Users\XKZ\Documents\VSCode Projects\CubeSetlistManager\dist\Cube Setlist Manager\_internal\_tcl_data\tzdata\America\St_Lucia
   Compressing: C:\Users\XKZ\Documents\VSCode Projects\CubeSetlistManager\dist\Cube Setlist Manager\_internal\_tcl_data\tzdata\America\St_Thomas
   Compressing: C:\Users\XKZ\Documents\VSCode Projects\CubeSetlistManager\dist\Cube Setlist Manager\_internal\_tcl_data\tzdata\America\St_Vincent
   Compressing: C:\Users\XKZ\Documents\VSCode Projects\CubeSetlistManager\dist\Cube Setlist Manager\_internal\_tcl_data\tzdata\America\Swift_Current
   Compressing: C:\Users\XKZ\Documents\VSCode Projects\CubeSetlistManager\dist\Cube Setlist Manager\_internal\_tcl_data\tzdata\America\Tegucigalpa
   Compressing: C:\Users\XKZ\Documents\VSCode Projects\CubeSetlistManager\dist\Cube Setlist Manager\_internal\_tcl_data\tzdata\America\Thule
   Compressing: C:\Users\XKZ\Documents\VSCode Projects\CubeSetlistManager\dist\Cube Setlist Manager\_internal\_tcl_data\tzdata\America\Thunder_Bay
   Compressing: C:\Users\XKZ\Documents\VSCode Projects\CubeSetlistManager\dist\Cube Setlist Manager\_internal\_tcl_data\tzdata\America\Tijuana
   Compressing: C:\Users\XKZ\Documents\VSCode Projects\CubeSetlistManager\dist\Cube Setlist Manager\_internal\_tcl_data\tzdata\America\Toronto
   Compressing: C:\Users\XKZ\Documents\VSCode Projects\CubeSetlistManager\dist\Cube Setlist Manager\_internal\_tcl_data\tzdata\America\Tortola
   Compressing: C:\Users\XKZ\Documents\VSCode Projects\CubeSetlistManager\dist\Cube Setlist Manager\_internal\_tcl_data\tzdata\America\Vancouver
   Compressing: C:\Users\XKZ\Documents\VSCode Projects\CubeSetlistManager\dist\Cube Setlist Manager\_internal\_tcl_data\tzdata\America\Virgin
   Compressing: C:\Users\XKZ\Documents\VSCode Projects\CubeSetlistManager\dist\Cube Setlist Manager\_internal\_tcl_data\tzdata\America\Whitehorse
   Compressing: C:\Users\XKZ\Documents\VSCode Projects\CubeSetlistManager\dist\Cube Setlist Manager\_internal\_tcl_data\tzdata\America\Winnipeg
   Compressing: C:\Users\XKZ\Documents\VSCode Projects\CubeSetlistManager\dist\Cube Setlist Manager\_internal\_tcl_data\tzdata\America\Yakutat
   Compressing: C:\Users\XKZ\Documents\VSCode Projects\CubeSetlistManager\dist\Cube Setlist Manager\_internal\_tcl_data\tzdata\America\Yellowknife
   Compressing: C:\Users\XKZ\Documents\VSCode Projects\CubeSetlistManager\dist\Cube Setlist Manager\_internal\_tcl_data\tzdata\America\Argentina\Buenos_Aires
   Compressing: C:\Users\XKZ\Documents\VSCode Projects\CubeSetlistManager\dist\Cube Setlist Manager\_internal\_tcl_data\tzdata\America\Argentina\Catamarca
   Compressing: C:\Users\XKZ\Documents\VSCode Projects\CubeSetlistManager\dist\Cube Setlist Manager\_internal\_tcl_data\tzdata\America\Argentina\ComodRivadavia
   Compressing: C:\Users\XKZ\Documents\VSCode Projects\CubeSetlistManager\dist\Cube Setlist Manager\_internal\_tcl_data\tzdata\America\Argentina\Cordoba
   Compressing: C:\Users\XKZ\Documents\VSCode Projects\CubeSetlistManager\dist\Cube Setlist Manager\_internal\_tcl_data\tzdata\America\Argentina\Jujuy
   Compressing: C:\Users\XKZ\Documents\VSCode Projects\CubeSetlistManager\dist\Cube Setlist Manager\_internal\_tcl_data\tzdata\America\Argentina\La_Rioja
   Compressing: C:\Users\XKZ\Documents\VSCode Projects\CubeSetlistManager\dist\Cube Setlist Manager\_internal\_tcl_data\tzdata\America\Argentina\Mendoza
   Compressing: C:\Users\XKZ\Documents\VSCode Projects\CubeSetlistManager\dist\Cube Setlist Manager\_internal\_tcl_data\tzdata\America\Argentina\Rio_Gallegos
   Compressing: C:\Users\XKZ\Documents\VSCode Projects\CubeSetlistManager\dist\Cube Setlist Manager\_internal\_tcl_data\tzdata\America\Argentina\Salta
   Compressing: C:\Users\XKZ\Documents\VSCode Projects\CubeSetlistManager\dist\Cube Setlist Manager\_internal\_tcl_data\tzdata\America\Argentina\San_Juan
   Compressing: C:\Users\XKZ\Documents\VSCode Projects\CubeSetlistManager\dist\Cube Setlist Manager\_internal\_tcl_data\tzdata\America\Argentina\San_Luis
   Compressing: C:\Users\XKZ\Documents\VSCode Projects\CubeSetlistManager\dist\Cube Setlist Manager\_internal\_tcl_data\tzdata\America\Argentina\Tucuman
   Compressing: C:\Users\XKZ\Documents\VSCode Projects\CubeSetlistManager\dist\Cube Setlist Manager\_internal\_tcl_data\tzdata\America\Argentina\Ushuaia
   Compressing: C:\Users\XKZ\Documents\VSCode Projects\CubeSetlistManager\dist\Cube Setlist Manager\_internal\_tcl_data\tzdata\America\Indiana\Indianapolis
   Compressing: C:\Users\XKZ\Documents\VSCode Projects\CubeSetlistManager\dist\Cube Setlist Manager\_internal\_tcl_data\tzdata\America\Indiana\Knox
   Compressing: C:\Users\XKZ\Documents\VSCode Projects\CubeSetlistManager\dist\Cube Setlist Manager\_internal\_tcl_data\tzdata\America\Indiana\Marengo
   Compressing: C:\Users\XKZ\Documents\VSCode Projects\CubeSetlistManager\dist\Cube Setlist Manager\_internal\_tcl_data\tzdata\America\Indiana\Petersburg
   Compressing: C:\Users\XKZ\Documents\VSCode Projects\CubeSetlistManager\dist\Cube Setlist Manager\_internal\_tcl_data\tzdata\America\Indiana\Tell_City
   Compressing: C:\Users\XKZ\Documents\VSCode Projects\CubeSetlistManager\dist\Cube Setlist Manager\_internal\_tcl_data\tzdata\America\Indiana\Vevay
   Compressing: C:\Users\XKZ\Documents\VSCode Projects\CubeSetlistManager\dist\Cube Setlist Manager\_internal\_tcl_data\tzdata\America\Indiana\Vincennes
   Compressing: C:\Users\XKZ\Documents\VSCode Projects\CubeSetlistManager\dist\Cube Setlist Manager\_internal\_tcl_data\tzdata\America\Indiana\Winamac
   Compressing: C:\Users\XKZ\Documents\VSCode Projects\CubeSetlistManager\dist\Cube Setlist Manager\_internal\_tcl_data\tzdata\America\Kentucky\Louisville
   Compressing: C:\Users\XKZ\Documents\VSCode Projects\CubeSetlistManager\dist\Cube Setlist Manager\_internal\_tcl_data\tzdata\America\Kentucky\Monticello
   Compressing: C:\Users\XKZ\Documents\VSCode Projects\CubeSetlistManager\dist\Cube Setlist Manager\_internal\_tcl_data\tzdata\America\North_Dakota\Beulah
   Compressing: C:\Users\XKZ\Documents\VSCode Projects\CubeSetlistManager\dist\Cube Setlist Manager\_internal\_tcl_data\tzdata\America\North_Dakota\Center
   Compressing: C:\Users\XKZ\Documents\VSCode Projects\CubeSetlistManager\dist\Cube Setlist Manager\_internal\_tcl_data\tzdata\America\North_Dakota\New_Salem
   Compressing: C:\Users\XKZ\Documents\VSCode Projects\CubeSetlistManager\dist\Cube Setlist Manager\_internal\_tcl_data\tzdata\Antarctica\Casey
   Compressing: C:\Users\XKZ\Documents\VSCode Projects\CubeSetlistManager\dist\Cube Setlist Manager\_internal\_tcl_data\tzdata\Antarctica\Davis
   Compressing: C:\Users\XKZ\Documents\VSCode Projects\CubeSetlistManager\dist\Cube Setlist Manager\_internal\_tcl_data\tzdata\Antarctica\DumontDUrville
   Compressing: C:\Users\XKZ\Documents\VSCode Projects\CubeSetlistManager\dist\Cube Setlist Manager\_internal\_tcl_data\tzdata\Antarctica\Macquarie
   Compressing: C:\Users\XKZ\Documents\VSCode Projects\CubeSetlistManager\dist\Cube Setlist Manager\_internal\_tcl_data\tzdata\Antarctica\Mawson
   Compressing: C:\Users\XKZ\Documents\VSCode Projects\CubeSetlistManager\dist\Cube Setlist Manager\_internal\_tcl_data\tzdata\Antarctica\McMurdo
   Compressing: C:\Users\XKZ\Documents\VSCode Projects\CubeSetlistManager\dist\Cube Setlist Manager\_internal\_tcl_data\tzdata\Antarctica\Palmer
   Compressing: C:\Users\XKZ\Documents\VSCode Projects\CubeSetlistManager\dist\Cube Setlist Manager\_internal\_tcl_data\tzdata\Antarctica\Rothera
   Compressing: C:\Users\XKZ\Documents\VSCode Projects\CubeSetlistManager\dist\Cube Setlist Manager\_internal\_tcl_data\tzdata\Antarctica\South_Pole
   Compressing: C:\Users\XKZ\Documents\VSCode Projects\CubeSetlistManager\dist\Cube Setlist Manager\_internal\_tcl_data\tzdata\Antarctica\Syowa
   Compressing: C:\Users\XKZ\Documents\VSCode Projects\CubeSetlistManager\dist\Cube Setlist Manager\_internal\_tcl_data\tzdata\Antarctica\Troll
   Compressing: C:\Users\XKZ\Documents\VSCode Projects\CubeSetlistManager\dist\Cube Setlist Manager\_internal\_tcl_data\tzdata\Antarctica\Vostok
   Compressing: C:\Users\XKZ\Documents\VSCode Projects\CubeSetlistManager\dist\Cube Setlist Manager\_internal\_tcl_data\tzdata\Arctic\Longyearbyen
   Compressing: C:\Users\XKZ\Documents\VSCode Projects\CubeSetlistManager\dist\Cube Setlist Manager\_internal\_tcl_data\tzdata\Asia\Aden
   Compressing: C:\Users\XKZ\Documents\VSCode Projects\CubeSetlistManager\dist\Cube Setlist Manager\_internal\_tcl_data\tzdata\Asia\Almaty
   Compressing: C:\Users\XKZ\Documents\VSCode Projects\CubeSetlistManager\dist\Cube Setlist Manager\_internal\_tcl_data\tzdata\Asia\Amman
   Compressing: C:\Users\XKZ\Documents\VSCode Projects\CubeSetlistManager\dist\Cube Setlist Manager\_internal\_tcl_data\tzdata\Asia\Anadyr
   Compressing: C:\Users\XKZ\Documents\VSCode Projects\CubeSetlistManager\dist\Cube Setlist Manager\_internal\_tcl_data\tzdata\Asia\Aqtau
   Compressing: C:\Users\XKZ\Documents\VSCode Projects\CubeSetlistManager\dist\Cube Setlist Manager\_internal\_tcl_data\tzdata\Asia\Aqtobe
   Compressing: C:\Users\XKZ\Documents\VSCode Projects\CubeSetlistManager\dist\Cube Setlist Manager\_internal\_tcl_data\tzdata\Asia\Ashgabat
   Compressing: C:\Users\XKZ\Documents\VSCode Projects\CubeSetlistManager\dist\Cube Setlist Manager\_internal\_tcl_data\tzdata\Asia\Ashkhabad
   Compressing: C:\Users\XKZ\Documents\VSCode Projects\CubeSetlistManager\dist\Cube Setlist Manager\_internal\_tcl_data\tzdata\Asia\Atyrau
   Compressing: C:\Users\XKZ\Documents\VSCode Projects\CubeSetlistManager\dist\Cube Setlist Manager\_internal\_tcl_data\tzdata\Asia\Baghdad
   Compressing: C:\Users\XKZ\Documents\VSCode Projects\CubeSetlistManager\dist\Cube Setlist Manager\_internal\_tcl_data\tzdata\Asia\Bahrain
   Compressing: C:\Users\XKZ\Documents\VSCode Projects\CubeSetlistManager\dist\Cube Setlist Manager\_internal\_tcl_data\tzdata\Asia\Baku
   Compressing: C:\Users\XKZ\Documents\VSCode Projects\CubeSetlistManager\dist\Cube Setlist Manager\_internal\_tcl_data\tzdata\Asia\Bangkok
   Compressing: C:\Users\XKZ\Documents\VSCode Projects\CubeSetlistManager\dist\Cube Setlist Manager\_internal\_tcl_data\tzdata\Asia\Barnaul
   Compressing: C:\Users\XKZ\Documents\VSCode Projects\CubeSetlistManager\dist\Cube Setlist Manager\_internal\_tcl_data\tzdata\Asia\Beirut
   Compressing: C:\Users\XKZ\Documents\VSCode Projects\CubeSetlistManager\dist\Cube Setlist Manager\_internal\_tcl_data\tzdata\Asia\Bishkek
   Compressing: C:\Users\XKZ\Documents\VSCode Projects\CubeSetlistManager\dist\Cube Setlist Manager\_internal\_tcl_data\tzdata\Asia\Brunei
   Compressing: C:\Users\XKZ\Documents\VSCode Projects\CubeSetlistManager\dist\Cube Setlist Manager\_internal\_tcl_data\tzdata\Asia\Calcutta
   Compressing: C:\Users\XKZ\Documents\VSCode Projects\CubeSetlistManager\dist\Cube Setlist Manager\_internal\_tcl_data\tzdata\Asia\Chita
   Compressing: C:\Users\XKZ\Documents\VSCode Projects\CubeSetlistManager\dist\Cube Setlist Manager\_internal\_tcl_data\tzdata\Asia\Choibalsan
   Compressing: C:\Users\XKZ\Documents\VSCode Projects\CubeSetlistManager\dist\Cube Setlist Manager\_internal\_tcl_data\tzdata\Asia\Chongqing
   Compressing: C:\Users\XKZ\Documents\VSCode Projects\CubeSetlistManager\dist\Cube Setlist Manager\_internal\_tcl_data\tzdata\Asia\Chungking
   Compressing: C:\Users\XKZ\Documents\VSCode Projects\CubeSetlistManager\dist\Cube Setlist Manager\_internal\_tcl_data\tzdata\Asia\Colombo
   Compressing: C:\Users\XKZ\Documents\VSCode Projects\CubeSetlistManager\dist\Cube Setlist Manager\_internal\_tcl_data\tzdata\Asia\Dacca
   Compressing: C:\Users\XKZ\Documents\VSCode Projects\CubeSetlistManager\dist\Cube Setlist Manager\_internal\_tcl_data\tzdata\Asia\Damascus
   Compressing: C:\Users\XKZ\Documents\VSCode Projects\CubeSetlistManager\dist\Cube Setlist Manager\_internal\_tcl_data\tzdata\Asia\Dhaka
   Compressing: C:\Users\XKZ\Documents\VSCode Projects\CubeSetlistManager\dist\Cube Setlist Manager\_internal\_tcl_data\tzdata\Asia\Dili
   Compressing: C:\Users\XKZ\Documents\VSCode Projects\CubeSetlistManager\dist\Cube Setlist Manager\_internal\_tcl_data\tzdata\Asia\Dubai
   Compressing: C:\Users\XKZ\Documents\VSCode Projects\CubeSetlistManager\dist\Cube Setlist Manager\_internal\_tcl_data\tzdata\Asia\Dushanbe
   Compressing: C:\Users\XKZ\Documents\VSCode Projects\CubeSetlistManager\dist\Cube Setlist Manager\_internal\_tcl_data\tzdata\Asia\Famagusta
   Compressing: C:\Users\XKZ\Documents\VSCode Projects\CubeSetlistManager\dist\Cube Setlist Manager\_internal\_tcl_data\tzdata\Asia\Gaza
   Compressing: C:\Users\XKZ\Documents\VSCode Projects\CubeSetlistManager\dist\Cube Setlist Manager\_internal\_tcl_data\tzdata\Asia\Harbin
   Compressing: C:\Users\XKZ\Documents\VSCode Projects\CubeSetlistManager\dist\Cube Setlist Manager\_internal\_tcl_data\tzdata\Asia\Hebron
   Compressing: C:\Users\XKZ\Documents\VSCode Projects\CubeSetlistManager\dist\Cube Setlist Manager\_internal\_tcl_data\tzdata\Asia\Hong_Kong
   Compressing: C:\Users\XKZ\Documents\VSCode Projects\CubeSetlistManager\dist\Cube Setlist Manager\_internal\_tcl_data\tzdata\Asia\Hovd
   Compressing: C:\Users\XKZ\Documents\VSCode Projects\CubeSetlistManager\dist\Cube Setlist Manager\_internal\_tcl_data\tzdata\Asia\Ho_Chi_Minh
   Compressing: C:\Users\XKZ\Documents\VSCode Projects\CubeSetlistManager\dist\Cube Setlist Manager\_internal\_tcl_data\tzdata\Asia\Irkutsk
   Compressing: C:\Users\XKZ\Documents\VSCode Projects\CubeSetlistManager\dist\Cube Setlist Manager\_internal\_tcl_data\tzdata\Asia\Istanbul
   Compressing: C:\Users\XKZ\Documents\VSCode Projects\CubeSetlistManager\dist\Cube Setlist Manager\_internal\_tcl_data\tzdata\Asia\Jakarta
   Compressing: C:\Users\XKZ\Documents\VSCode Projects\CubeSetlistManager\dist\Cube Setlist Manager\_internal\_tcl_data\tzdata\Asia\Jayapura
   Compressing: C:\Users\XKZ\Documents\VSCode Projects\CubeSetlistManager\dist\Cube Setlist Manager\_internal\_tcl_data\tzdata\Asia\Jerusalem
   Compressing: C:\Users\XKZ\Documents\VSCode Projects\CubeSetlistManager\dist\Cube Setlist Manager\_internal\_tcl_data\tzdata\Asia\Kabul
   Compressing: C:\Users\XKZ\Documents\VSCode Projects\CubeSetlistManager\dist\Cube Setlist Manager\_internal\_tcl_data\tzdata\Asia\Kamchatka
   Compressing: C:\Users\XKZ\Documents\VSCode Projects\CubeSetlistManager\dist\Cube Setlist Manager\_internal\_tcl_data\tzdata\Asia\Karachi
   Compressing: C:\Users\XKZ\Documents\VSCode Projects\CubeSetlistManager\dist\Cube Setlist Manager\_internal\_tcl_data\tzdata\Asia\Kashgar
   Compressing: C:\Users\XKZ\Documents\VSCode Projects\CubeSetlistManager\dist\Cube Setlist Manager\_internal\_tcl_data\tzdata\Asia\Kathmandu
   Compressing: C:\Users\XKZ\Documents\VSCode Projects\CubeSetlistManager\dist\Cube Setlist Manager\_internal\_tcl_data\tzdata\Asia\Katmandu
   Compressing: C:\Users\XKZ\Documents\VSCode Projects\CubeSetlistManager\dist\Cube Setlist Manager\_internal\_tcl_data\tzdata\Asia\Khandyga
   Compressing: C:\Users\XKZ\Documents\VSCode Projects\CubeSetlistManager\dist\Cube Setlist Manager\_internal\_tcl_data\tzdata\Asia\Kolkata
   Compressing: C:\Users\XKZ\Documents\VSCode Projects\CubeSetlistManager\dist\Cube Setlist Manager\_internal\_tcl_data\tzdata\Asia\Krasnoyarsk
   Compressing: C:\Users\XKZ\Documents\VSCode Projects\CubeSetlistManager\dist\Cube Setlist Manager\_internal\_tcl_data\tzdata\Asia\Kuala_Lumpur
   Compressing: C:\Users\XKZ\Documents\VSCode Projects\CubeSetlistManager\dist\Cube Setlist Manager\_internal\_tcl_data\tzdata\Asia\Kuching
   Compressing: C:\Users\XKZ\Documents\VSCode Projects\CubeSetlistManager\dist\Cube Setlist Manager\_internal\_tcl_data\tzdata\Asia\Kuwait
   Compressing: C:\Users\XKZ\Documents\VSCode Projects\CubeSetlistManager\dist\Cube Setlist Manager\_internal\_tcl_data\tzdata\Asia\Macao
   Compressing: C:\Users\XKZ\Documents\VSCode Projects\CubeSetlistManager\dist\Cube Setlist Manager\_internal\_tcl_data\tzdata\Asia\Macau
   Compressing: C:\Users\XKZ\Documents\VSCode Projects\CubeSetlistManager\dist\Cube Setlist Manager\_internal\_tcl_data\tzdata\Asia\Magadan
   Compressing: C:\Users\XKZ\Documents\VSCode Projects\CubeSetlistManager\dist\Cube Setlist Manager\_internal\_tcl_data\tzdata\Asia\Makassar
   Compressing: C:\Users\XKZ\Documents\VSCode Projects\CubeSetlistManager\dist\Cube Setlist Manager\_internal\_tcl_data\tzdata\Asia\Manila
   Compressing: C:\Users\XKZ\Documents\VSCode Projects\CubeSetlistManager\dist\Cube Setlist Manager\_internal\_tcl_data\tzdata\Asia\Muscat
   Compressing: C:\Users\XKZ\Documents\VSCode Projects\CubeSetlistManager\dist\Cube Setlist Manager\_internal\_tcl_data\tzdata\Asia\Nicosia
   Compressing: C:\Users\XKZ\Documents\VSCode Projects\CubeSetlistManager\dist\Cube Setlist Manager\_internal\_tcl_data\tzdata\Asia\Novokuznetsk
   Compressing: C:\Users\XKZ\Documents\VSCode Projects\CubeSetlistManager\dist\Cube Setlist Manager\_internal\_tcl_data\tzdata\Asia\Novosibirsk
   Compressing: C:\Users\XKZ\Documents\VSCode Projects\CubeSetlistManager\dist\Cube Setlist Manager\_internal\_tcl_data\tzdata\Asia\Omsk
   Compressing: C:\Users\XKZ\Documents\VSCode Projects\CubeSetlistManager\dist\Cube Setlist Manager\_internal\_tcl_data\tzdata\Asia\Oral
   Compressing: C:\Users\XKZ\Documents\VSCode Projects\CubeSetlistManager\dist\Cube Setlist Manager\_internal\_tcl_data\tzdata\Asia\Phnom_Penh
   Compressing: C:\Users\XKZ\Documents\VSCode Projects\CubeSetlistManager\dist\Cube Setlist Manager\_internal\_tcl_data\tzdata\Asia\Pontianak
   Compressing: C:\Users\XKZ\Documents\VSCode Projects\CubeSetlistManager\dist\Cube Setlist Manager\_internal\_tcl_data\tzdata\Asia\Pyongyang
   Compressing: C:\Users\XKZ\Documents\VSCode Projects\CubeSetlistManager\dist\Cube Setlist Manager\_internal\_tcl_data\tzdata\Asia\Qatar
   Compressing: C:\Users\XKZ\Documents\VSCode Projects\CubeSetlistManager\dist\Cube Setlist Manager\_internal\_tcl_data\tzdata\Asia\Qostanay
   Compressing: C:\Users\XKZ\Documents\VSCode Projects\CubeSetlistManager\dist\Cube Setlist Manager\_internal\_tcl_data\tzdata\Asia\Qyzylorda
   Compressing: C:\Users\XKZ\Documents\VSCode Projects\CubeSetlistManager\dist\Cube Setlist Manager\_internal\_tcl_data\tzdata\Asia\Rangoon
   Compressing: C:\Users\XKZ\Documents\VSCode Projects\CubeSetlistManager\dist\Cube Setlist Manager\_internal\_tcl_data\tzdata\Asia\Riyadh
   Compressing: C:\Users\XKZ\Documents\VSCode Projects\CubeSetlistManager\dist\Cube Setlist Manager\_internal\_tcl_data\tzdata\Asia\Saigon
   Compressing: C:\Users\XKZ\Documents\VSCode Projects\CubeSetlistManager\dist\Cube Setlist Manager\_internal\_tcl_data\tzdata\Asia\Sakhalin
   Compressing: C:\Users\XKZ\Documents\VSCode Projects\CubeSetlistManager\dist\Cube Setlist Manager\_internal\_tcl_data\tzdata\Asia\Samarkand
   Compressing: C:\Users\XKZ\Documents\VSCode Projects\CubeSetlistManager\dist\Cube Setlist Manager\_internal\_tcl_data\tzdata\Asia\Seoul
   Compressing: C:\Users\XKZ\Documents\VSCode Projects\CubeSetlistManager\dist\Cube Setlist Manager\_internal\_tcl_data\tzdata\Asia\Shanghai
   Compressing: C:\Users\XKZ\Documents\VSCode Projects\CubeSetlistManager\dist\Cube Setlist Manager\_internal\_tcl_data\tzdata\Asia\Singapore
   Compressing: C:\Users\XKZ\Documents\VSCode Projects\CubeSetlistManager\dist\Cube Setlist Manager\_internal\_tcl_data\tzdata\Asia\Srednekolymsk
   Compressing: C:\Users\XKZ\Documents\VSCode Projects\CubeSetlistManager\dist\Cube Setlist Manager\_internal\_tcl_data\tzdata\Asia\Taipei
   Compressing: C:\Users\XKZ\Documents\VSCode Projects\CubeSetlistManager\dist\Cube Setlist Manager\_internal\_tcl_data\tzdata\Asia\Tashkent
   Compressing: C:\Users\XKZ\Documents\VSCode Projects\CubeSetlistManager\dist\Cube Setlist Manager\_internal\_tcl_data\tzdata\Asia\Tbilisi
   Compressing: C:\Users\XKZ\Documents\VSCode Projects\CubeSetlistManager\dist\Cube Setlist Manager\_internal\_tcl_data\tzdata\Asia\Tehran
   Compressing: C:\Users\XKZ\Documents\VSCode Projects\CubeSetlistManager\dist\Cube Setlist Manager\_internal\_tcl_data\tzdata\Asia\Tel_Aviv
   Compressing: C:\Users\XKZ\Documents\VSCode Projects\CubeSetlistManager\dist\Cube Setlist Manager\_internal\_tcl_data\tzdata\Asia\Thimbu
   Compressing: C:\Users\XKZ\Documents\VSCode Projects\CubeSetlistManager\dist\Cube Setlist Manager\_internal\_tcl_data\tzdata\Asia\Thimphu
   Compressing: C:\Users\XKZ\Documents\VSCode Projects\CubeSetlistManager\dist\Cube Setlist Manager\_internal\_tcl_data\tzdata\Asia\Tokyo
   Compressing: C:\Users\XKZ\Documents\VSCode Projects\CubeSetlistManager\dist\Cube Setlist Manager\_internal\_tcl_data\tzdata\Asia\Tomsk
   Compressing: C:\Users\XKZ\Documents\VSCode Projects\CubeSetlistManager\dist\Cube Setlist Manager\_internal\_tcl_data\tzdata\Asia\Ujung_Pandang
   Compressing: C:\Users\XKZ\Documents\VSCode Projects\CubeSetlistManager\dist\Cube Setlist Manager\_internal\_tcl_data\tzdata\Asia\Ulaanbaatar
   Compressing: C:\Users\XKZ\Documents\VSCode Projects\CubeSetlistManager\dist\Cube Setlist Manager\_internal\_tcl_data\tzdata\Asia\Ulan_Bator
   Compressing: C:\Users\XKZ\Documents\VSCode Projects\CubeSetlistManager\dist\Cube Setlist Manager\_internal\_tcl_data\tzdata\Asia\Urumqi
   Compressing: C:\Users\XKZ\Documents\VSCode Projects\CubeSetlistManager\dist\Cube Setlist Manager\_internal\_tcl_data\tzdata\Asia\Ust-Nera
   Compressing: C:\Users\XKZ\Documents\VSCode Projects\CubeSetlistManager\dist\Cube Setlist Manager\_internal\_tcl_data\tzdata\Asia\Vientiane
   Compressing: C:\Users\XKZ\Documents\VSCode Projects\CubeSetlistManager\dist\Cube Setlist Manager\_internal\_tcl_data\tzdata\Asia\Vladivostok
   Compressing: C:\Users\XKZ\Documents\VSCode Projects\CubeSetlistManager\dist\Cube Setlist Manager\_internal\_tcl_data\tzdata\Asia\Yakutsk
   Compressing: C:\Users\XKZ\Documents\VSCode Projects\CubeSetlistManager\dist\Cube Setlist Manager\_internal\_tcl_data\tzdata\Asia\Yangon
   Compressing: C:\Users\XKZ\Documents\VSCode Projects\CubeSetlistManager\dist\Cube Setlist Manager\_internal\_tcl_data\tzdata\Asia\Yekaterinburg
   Compressing: C:\Users\XKZ\Documents\VSCode Projects\CubeSetlistManager\dist\Cube Setlist Manager\_internal\_tcl_data\tzdata\Asia\Yerevan
   Compressing: C:\Users\XKZ\Documents\VSCode Projects\CubeSetlistManager\dist\Cube Setlist Manager\_internal\_tcl_data\tzdata\Atlantic\Azores
   Compressing: C:\Users\XKZ\Documents\VSCode Projects\CubeSetlistManager\dist\Cube Setlist Manager\_internal\_tcl_data\tzdata\Atlantic\Bermuda
   Compressing: C:\Users\XKZ\Documents\VSCode Projects\CubeSetlistManager\dist\Cube Setlist Manager\_internal\_tcl_data\tzdata\Atlantic\Canary
   Compressing: C:\Users\XKZ\Documents\VSCode Projects\CubeSetlistManager\dist\Cube Setlist Manager\_internal\_tcl_data\tzdata\Atlantic\Cape_Verde
   Compressing: C:\Users\XKZ\Documents\VSCode Projects\CubeSetlistManager\dist\Cube Setlist Manager\_internal\_tcl_data\tzdata\Atlantic\Faeroe
   Compressing: C:\Users\XKZ\Documents\VSCode Projects\CubeSetlistManager\dist\Cube Setlist Manager\_internal\_tcl_data\tzdata\Atlantic\Faroe
   Compressing: C:\Users\XKZ\Documents\VSCode Projects\CubeSetlistManager\dist\Cube Setlist Manager\_internal\_tcl_data\tzdata\Atlantic\Jan_Mayen
   Compressing: C:\Users\XKZ\Documents\VSCode Projects\CubeSetlistManager\dist\Cube Setlist Manager\_internal\_tcl_data\tzdata\Atlantic\Madeira
   Compressing: C:\Users\XKZ\Documents\VSCode Projects\CubeSetlistManager\dist\Cube Setlist Manager\_internal\_tcl_data\tzdata\Atlantic\Reykjavik
   Compressing: C:\Users\XKZ\Documents\VSCode Projects\CubeSetlistManager\dist\Cube Setlist Manager\_internal\_tcl_data\tzdata\Atlantic\South_Georgia
   Compressing: C:\Users\XKZ\Documents\VSCode Projects\CubeSetlistManager\dist\Cube Setlist Manager\_internal\_tcl_data\tzdata\Atlantic\Stanley
   Compressing: C:\Users\XKZ\Documents\VSCode Projects\CubeSetlistManager\dist\Cube Setlist Manager\_internal\_tcl_data\tzdata\Atlantic\St_Helena
   Compressing: C:\Users\XKZ\Documents\VSCode Projects\CubeSetlistManager\dist\Cube Setlist Manager\_internal\_tcl_data\tzdata\Australia\ACT
   Compressing: C:\Users\XKZ\Documents\VSCode Projects\CubeSetlistManager\dist\Cube Setlist Manager\_internal\_tcl_data\tzdata\Australia\Adelaide
   Compressing: C:\Users\XKZ\Documents\VSCode Projects\CubeSetlistManager\dist\Cube Setlist Manager\_internal\_tcl_data\tzdata\Australia\Brisbane
   Compressing: C:\Users\XKZ\Documents\VSCode Projects\CubeSetlistManager\dist\Cube Setlist Manager\_internal\_tcl_data\tzdata\Australia\Broken_Hill
   Compressing: C:\Users\XKZ\Documents\VSCode Projects\CubeSetlistManager\dist\Cube Setlist Manager\_internal\_tcl_data\tzdata\Australia\Canberra
   Compressing: C:\Users\XKZ\Documents\VSCode Projects\CubeSetlistManager\dist\Cube Setlist Manager\_internal\_tcl_data\tzdata\Australia\Currie
   Compressing: C:\Users\XKZ\Documents\VSCode Projects\CubeSetlistManager\dist\Cube Setlist Manager\_internal\_tcl_data\tzdata\Australia\Darwin
   Compressing: C:\Users\XKZ\Documents\VSCode Projects\CubeSetlistManager\dist\Cube Setlist Manager\_internal\_tcl_data\tzdata\Australia\Eucla
   Compressing: C:\Users\XKZ\Documents\VSCode Projects\CubeSetlistManager\dist\Cube Setlist Manager\_internal\_tcl_data\tzdata\Australia\Hobart
   Compressing: C:\Users\XKZ\Documents\VSCode Projects\CubeSetlistManager\dist\Cube Setlist Manager\_internal\_tcl_data\tzdata\Australia\LHI
   Compressing: C:\Users\XKZ\Documents\VSCode Projects\CubeSetlistManager\dist\Cube Setlist Manager\_internal\_tcl_data\tzdata\Australia\Lindeman
   Compressing: C:\Users\XKZ\Documents\VSCode Projects\CubeSetlistManager\dist\Cube Setlist Manager\_internal\_tcl_data\tzdata\Australia\Lord_Howe
   Compressing: C:\Users\XKZ\Documents\VSCode Projects\CubeSetlistManager\dist\Cube Setlist Manager\_internal\_tcl_data\tzdata\Australia\Melbourne
   Compressing: C:\Users\XKZ\Documents\VSCode Projects\CubeSetlistManager\dist\Cube Setlist Manager\_internal\_tcl_data\tzdata\Australia\North
   Compressing: C:\Users\XKZ\Documents\VSCode Projects\CubeSetlistManager\dist\Cube Setlist Manager\_internal\_tcl_data\tzdata\Australia\NSW
   Compressing: C:\Users\XKZ\Documents\VSCode Projects\CubeSetlistManager\dist\Cube Setlist Manager\_internal\_tcl_data\tzdata\Australia\Perth
   Compressing: C:\Users\XKZ\Documents\VSCode Projects\CubeSetlistManager\dist\Cube Setlist Manager\_internal\_tcl_data\tzdata\Australia\Queensland
   Compressing: C:\Users\XKZ\Documents\VSCode Projects\CubeSetlistManager\dist\Cube Setlist Manager\_internal\_tcl_data\tzdata\Australia\South
   Compressing: C:\Users\XKZ\Documents\VSCode Projects\CubeSetlistManager\dist\Cube Setlist Manager\_internal\_tcl_data\tzdata\Australia\Sydney
   Compressing: C:\Users\XKZ\Documents\VSCode Projects\CubeSetlistManager\dist\Cube Setlist Manager\_internal\_tcl_data\tzdata\Australia\Tasmania
   Compressing: C:\Users\XKZ\Documents\VSCode Projects\CubeSetlistManager\dist\Cube Setlist Manager\_internal\_tcl_data\tzdata\Australia\Victoria
   Compressing: C:\Users\XKZ\Documents\VSCode Projects\CubeSetlistManager\dist\Cube Setlist Manager\_internal\_tcl_data\tzdata\Australia\West
   Compressing: C:\Users\XKZ\Documents\VSCode Projects\CubeSetlistManager\dist\Cube Setlist Manager\_internal\_tcl_data\tzdata\Australia\Yancowinna
   Compressing: C:\Users\XKZ\Documents\VSCode Projects\CubeSetlistManager\dist\Cube Setlist Manager\_internal\_tcl_data\tzdata\Brazil\Acre
   Compressing: C:\Users\XKZ\Documents\VSCode Projects\CubeSetlistManager\dist\Cube Setlist Manager\_internal\_tcl_data\tzdata\Brazil\DeNoronha
   Compressing: C:\Users\XKZ\Documents\VSCode Projects\CubeSetlistManager\dist\Cube Setlist Manager\_internal\_tcl_data\tzdata\Brazil\East
   Compressing: C:\Users\XKZ\Documents\VSCode Projects\CubeSetlistManager\dist\Cube Setlist Manager\_internal\_tcl_data\tzdata\Brazil\West
   Compressing: C:\Users\XKZ\Documents\VSCode Projects\CubeSetlistManager\dist\Cube Setlist Manager\_internal\_tcl_data\tzdata\Canada\Atlantic
   Compressing: C:\Users\XKZ\Documents\VSCode Projects\CubeSetlistManager\dist\Cube Setlist Manager\_internal\_tcl_data\tzdata\Canada\Central
   Compressing: C:\Users\XKZ\Documents\VSCode Projects\CubeSetlistManager\dist\Cube Setlist Manager\_internal\_tcl_data\tzdata\Canada\Eastern
   Compressing: C:\Users\XKZ\Documents\VSCode Projects\CubeSetlistManager\dist\Cube Setlist Manager\_internal\_tcl_data\tzdata\Canada\Mountain
   Compressing: C:\Users\XKZ\Documents\VSCode Projects\CubeSetlistManager\dist\Cube Setlist Manager\_internal\_tcl_data\tzdata\Canada\Newfoundland
   Compressing: C:\Users\XKZ\Documents\VSCode Projects\CubeSetlistManager\dist\Cube Setlist Manager\_internal\_tcl_data\tzdata\Canada\Pacific
   Compressing: C:\Users\XKZ\Documents\VSCode Projects\CubeSetlistManager\dist\Cube Setlist Manager\_internal\_tcl_data\tzdata\Canada\Saskatchewan
   Compressing: C:\Users\XKZ\Documents\VSCode Projects\CubeSetlistManager\dist\Cube Setlist Manager\_internal\_tcl_data\tzdata\Canada\Yukon
   Compressing: C:\Users\XKZ\Documents\VSCode Projects\CubeSetlistManager\dist\Cube Setlist Manager\_internal\_tcl_data\tzdata\Chile\Continental
   Compressing: C:\Users\XKZ\Documents\VSCode Projects\CubeSetlistManager\dist\Cube Setlist Manager\_internal\_tcl_data\tzdata\Chile\EasterIsland
   Compressing: C:\Users\XKZ\Documents\VSCode Projects\CubeSetlistManager\dist\Cube Setlist Manager\_internal\_tcl_data\tzdata\Etc\GMT
   Compressing: C:\Users\XKZ\Documents\VSCode Projects\CubeSetlistManager\dist\Cube Setlist Manager\_internal\_tcl_data\tzdata\Etc\GMT+0
   Compressing: C:\Users\XKZ\Documents\VSCode Projects\CubeSetlistManager\dist\Cube Setlist Manager\_internal\_tcl_data\tzdata\Etc\GMT+1
   Compressing: C:\Users\XKZ\Documents\VSCode Projects\CubeSetlistManager\dist\Cube Setlist Manager\_internal\_tcl_data\tzdata\Etc\GMT+10
   Compressing: C:\Users\XKZ\Documents\VSCode Projects\CubeSetlistManager\dist\Cube Setlist Manager\_internal\_tcl_data\tzdata\Etc\GMT+11
   Compressing: C:\Users\XKZ\Documents\VSCode Projects\CubeSetlistManager\dist\Cube Setlist Manager\_internal\_tcl_data\tzdata\Etc\GMT+12
   Compressing: C:\Users\XKZ\Documents\VSCode Projects\CubeSetlistManager\dist\Cube Setlist Manager\_internal\_tcl_data\tzdata\Etc\GMT+2
   Compressing: C:\Users\XKZ\Documents\VSCode Projects\CubeSetlistManager\dist\Cube Setlist Manager\_internal\_tcl_data\tzdata\Etc\GMT+3
   Compressing: C:\Users\XKZ\Documents\VSCode Projects\CubeSetlistManager\dist\Cube Setlist Manager\_internal\_tcl_data\tzdata\Etc\GMT+4
   Compressing: C:\Users\XKZ\Documents\VSCode Projects\CubeSetlistManager\dist\Cube Setlist Manager\_internal\_tcl_data\tzdata\Etc\GMT+5
   Compressing: C:\Users\XKZ\Documents\VSCode Projects\CubeSetlistManager\dist\Cube Setlist Manager\_internal\_tcl_data\tzdata\Etc\GMT+6
   Compressing: C:\Users\XKZ\Documents\VSCode Projects\CubeSetlistManager\dist\Cube Setlist Manager\_internal\_tcl_data\tzdata\Etc\GMT+7
   Compressing: C:\Users\XKZ\Documents\VSCode Projects\CubeSetlistManager\dist\Cube Setlist Manager\_internal\_tcl_data\tzdata\Etc\GMT+8
   Compressing: C:\Users\XKZ\Documents\VSCode Projects\CubeSetlistManager\dist\Cube Setlist Manager\_internal\_tcl_data\tzdata\Etc\GMT+9
   Compressing: C:\Users\XKZ\Documents\VSCode Projects\CubeSetlistManager\dist\Cube Setlist Manager\_internal\_tcl_data\tzdata\Etc\GMT-0
   Compressing: C:\Users\XKZ\Documents\VSCode Projects\CubeSetlistManager\dist\Cube Setlist Manager\_internal\_tcl_data\tzdata\Etc\GMT-1
   Compressing: C:\Users\XKZ\Documents\VSCode Projects\CubeSetlistManager\dist\Cube Setlist Manager\_internal\_tcl_data\tzdata\Etc\GMT-10
   Compressing: C:\Users\XKZ\Documents\VSCode Projects\CubeSetlistManager\dist\Cube Setlist Manager\_internal\_tcl_data\tzdata\Etc\GMT-11
   Compressing: C:\Users\XKZ\Documents\VSCode Projects\CubeSetlistManager\dist\Cube Setlist Manager\_internal\_tcl_data\tzdata\Etc\GMT-12
   Compressing: C:\Users\XKZ\Documents\VSCode Projects\CubeSetlistManager\dist\Cube Setlist Manager\_internal\_tcl_data\tzdata\Etc\GMT-13
   Compressing: C:\Users\XKZ\Documents\VSCode Projects\CubeSetlistManager\dist\Cube Setlist Manager\_internal\_tcl_data\tzdata\Etc\GMT-14
   Compressing: C:\Users\XKZ\Documents\VSCode Projects\CubeSetlistManager\dist\Cube Setlist Manager\_internal\_tcl_data\tzdata\Etc\GMT-2
   Compressing: C:\Users\XKZ\Documents\VSCode Projects\CubeSetlistManager\dist\Cube Setlist Manager\_internal\_tcl_data\tzdata\Etc\GMT-3
   Compressing: C:\Users\XKZ\Documents\VSCode Projects\CubeSetlistManager\dist\Cube Setlist Manager\_internal\_tcl_data\tzdata\Etc\GMT-4
   Compressing: C:\Users\XKZ\Documents\VSCode Projects\CubeSetlistManager\dist\Cube Setlist Manager\_internal\_tcl_data\tzdata\Etc\GMT-5
   Compressing: C:\Users\XKZ\Documents\VSCode Projects\CubeSetlistManager\dist\Cube Setlist Manager\_internal\_tcl_data\tzdata\Etc\GMT-6
   Compressing: C:\Users\XKZ\Documents\VSCode Projects\CubeSetlistManager\dist\Cube Setlist Manager\_internal\_tcl_data\tzdata\Etc\GMT-7
   Compressing: C:\Users\XKZ\Documents\VSCode Projects\CubeSetlistManager\dist\Cube Setlist Manager\_internal\_tcl_data\tzdata\Etc\GMT-8
   Compressing: C:\Users\XKZ\Documents\VSCode Projects\CubeSetlistManager\dist\Cube Setlist Manager\_internal\_tcl_data\tzdata\Etc\GMT-9
   Compressing: C:\Users\XKZ\Documents\VSCode Projects\CubeSetlistManager\dist\Cube Setlist Manager\_internal\_tcl_data\tzdata\Etc\GMT0
   Compressing: C:\Users\XKZ\Documents\VSCode Projects\CubeSetlistManager\dist\Cube Setlist Manager\_internal\_tcl_data\tzdata\Etc\Greenwich
   Compressing: C:\Users\XKZ\Documents\VSCode Projects\CubeSetlistManager\dist\Cube Setlist Manager\_internal\_tcl_data\tzdata\Etc\UCT
   Compressing: C:\Users\XKZ\Documents\VSCode Projects\CubeSetlistManager\dist\Cube Setlist Manager\_internal\_tcl_data\tzdata\Etc\Universal
   Compressing: C:\Users\XKZ\Documents\VSCode Projects\CubeSetlistManager\dist\Cube Setlist Manager\_internal\_tcl_data\tzdata\Etc\UTC
   Compressing: C:\Users\XKZ\Documents\VSCode Projects\CubeSetlistManager\dist\Cube Setlist Manager\_internal\_tcl_data\tzdata\Etc\Zulu
   Compressing: C:\Users\XKZ\Documents\VSCode Projects\CubeSetlistManager\dist\Cube Setlist Manager\_internal\_tcl_data\tzdata\Europe\Amsterdam
   Compressing: C:\Users\XKZ\Documents\VSCode Projects\CubeSetlistManager\dist\Cube Setlist Manager\_internal\_tcl_data\tzdata\Europe\Andorra
   Compressing: C:\Users\XKZ\Documents\VSCode Projects\CubeSetlistManager\dist\Cube Setlist Manager\_internal\_tcl_data\tzdata\Europe\Astrakhan
   Compressing: C:\Users\XKZ\Documents\VSCode Projects\CubeSetlistManager\dist\Cube Setlist Manager\_internal\_tcl_data\tzdata\Europe\Athens
   Compressing: C:\Users\XKZ\Documents\VSCode Projects\CubeSetlistManager\dist\Cube Setlist Manager\_internal\_tcl_data\tzdata\Europe\Belfast
   Compressing: C:\Users\XKZ\Documents\VSCode Projects\CubeSetlistManager\dist\Cube Setlist Manager\_internal\_tcl_data\tzdata\Europe\Belgrade
   Compressing: C:\Users\XKZ\Documents\VSCode Projects\CubeSetlistManager\dist\Cube Setlist Manager\_internal\_tcl_data\tzdata\Europe\Berlin
   Compressing: C:\Users\XKZ\Documents\VSCode Projects\CubeSetlistManager\dist\Cube Setlist Manager\_internal\_tcl_data\tzdata\Europe\Bratislava
   Compressing: C:\Users\XKZ\Documents\VSCode Projects\CubeSetlistManager\dist\Cube Setlist Manager\_internal\_tcl_data\tzdata\Europe\Brussels
   Compressing: C:\Users\XKZ\Documents\VSCode Projects\CubeSetlistManager\dist\Cube Setlist Manager\_internal\_tcl_data\tzdata\Europe\Bucharest
   Compressing: C:\Users\XKZ\Documents\VSCode Projects\CubeSetlistManager\dist\Cube Setlist Manager\_internal\_tcl_data\tzdata\Europe\Budapest
   Compressing: C:\Users\XKZ\Documents\VSCode Projects\CubeSetlistManager\dist\Cube Setlist Manager\_internal\_tcl_data\tzdata\Europe\Busingen
   Compressing: C:\Users\XKZ\Documents\VSCode Projects\CubeSetlistManager\dist\Cube Setlist Manager\_internal\_tcl_data\tzdata\Europe\Chisinau
   Compressing: C:\Users\XKZ\Documents\VSCode Projects\CubeSetlistManager\dist\Cube Setlist Manager\_internal\_tcl_data\tzdata\Europe\Copenhagen
   Compressing: C:\Users\XKZ\Documents\VSCode Projects\CubeSetlistManager\dist\Cube Setlist Manager\_internal\_tcl_data\tzdata\Europe\Dublin
   Compressing: C:\Users\XKZ\Documents\VSCode Projects\CubeSetlistManager\dist\Cube Setlist Manager\_internal\_tcl_data\tzdata\Europe\Gibraltar
   Compressing: C:\Users\XKZ\Documents\VSCode Projects\CubeSetlistManager\dist\Cube Setlist Manager\_internal\_tcl_data\tzdata\Europe\Guernsey
   Compressing: C:\Users\XKZ\Documents\VSCode Projects\CubeSetlistManager\dist\Cube Setlist Manager\_internal\_tcl_data\tzdata\Europe\Helsinki
   Compressing: C:\Users\XKZ\Documents\VSCode Projects\CubeSetlistManager\dist\Cube Setlist Manager\_internal\_tcl_data\tzdata\Europe\Isle_of_Man
   Compressing: C:\Users\XKZ\Documents\VSCode Projects\CubeSetlistManager\dist\Cube Setlist Manager\_internal\_tcl_data\tzdata\Europe\Istanbul
   Compressing: C:\Users\XKZ\Documents\VSCode Projects\CubeSetlistManager\dist\Cube Setlist Manager\_internal\_tcl_data\tzdata\Europe\Jersey
   Compressing: C:\Users\XKZ\Documents\VSCode Projects\CubeSetlistManager\dist\Cube Setlist Manager\_internal\_tcl_data\tzdata\Europe\Kaliningrad
   Compressing: C:\Users\XKZ\Documents\VSCode Projects\CubeSetlistManager\dist\Cube Setlist Manager\_internal\_tcl_data\tzdata\Europe\Kiev
   Compressing: C:\Users\XKZ\Documents\VSCode Projects\CubeSetlistManager\dist\Cube Setlist Manager\_internal\_tcl_data\tzdata\Europe\Kirov
   Compressing: C:\Users\XKZ\Documents\VSCode Projects\CubeSetlistManager\dist\Cube Setlist Manager\_internal\_tcl_data\tzdata\Europe\Kyiv
   Compressing: C:\Users\XKZ\Documents\VSCode Projects\CubeSetlistManager\dist\Cube Setlist Manager\_internal\_tcl_data\tzdata\Europe\Lisbon
   Compressing: C:\Users\XKZ\Documents\VSCode Projects\CubeSetlistManager\dist\Cube Setlist Manager\_internal\_tcl_data\tzdata\Europe\Ljubljana
   Compressing: C:\Users\XKZ\Documents\VSCode Projects\CubeSetlistManager\dist\Cube Setlist Manager\_internal\_tcl_data\tzdata\Europe\London
   Compressing: C:\Users\XKZ\Documents\VSCode Projects\CubeSetlistManager\dist\Cube Setlist Manager\_internal\_tcl_data\tzdata\Europe\Luxembourg
   Compressing: C:\Users\XKZ\Documents\VSCode Projects\CubeSetlistManager\dist\Cube Setlist Manager\_internal\_tcl_data\tzdata\Europe\Madrid
   Compressing: C:\Users\XKZ\Documents\VSCode Projects\CubeSetlistManager\dist\Cube Setlist Manager\_internal\_tcl_data\tzdata\Europe\Malta
   Compressing: C:\Users\XKZ\Documents\VSCode Projects\CubeSetlistManager\dist\Cube Setlist Manager\_internal\_tcl_data\tzdata\Europe\Mariehamn
   Compressing: C:\Users\XKZ\Documents\VSCode Projects\CubeSetlistManager\dist\Cube Setlist Manager\_internal\_tcl_data\tzdata\Europe\Minsk
   Compressing: C:\Users\XKZ\Documents\VSCode Projects\CubeSetlistManager\dist\Cube Setlist Manager\_internal\_tcl_data\tzdata\Europe\Monaco
   Compressing: C:\Users\XKZ\Documents\VSCode Projects\CubeSetlistManager\dist\Cube Setlist Manager\_internal\_tcl_data\tzdata\Europe\Moscow
   Compressing: C:\Users\XKZ\Documents\VSCode Projects\CubeSetlistManager\dist\Cube Setlist Manager\_internal\_tcl_data\tzdata\Europe\Nicosia
   Compressing: C:\Users\XKZ\Documents\VSCode Projects\CubeSetlistManager\dist\Cube Setlist Manager\_internal\_tcl_data\tzdata\Europe\Oslo
   Compressing: C:\Users\XKZ\Documents\VSCode Projects\CubeSetlistManager\dist\Cube Setlist Manager\_internal\_tcl_data\tzdata\Europe\Paris
   Compressing: C:\Users\XKZ\Documents\VSCode Projects\CubeSetlistManager\dist\Cube Setlist Manager\_internal\_tcl_data\tzdata\Europe\Podgorica
   Compressing: C:\Users\XKZ\Documents\VSCode Projects\CubeSetlistManager\dist\Cube Setlist Manager\_internal\_tcl_data\tzdata\Europe\Prague
   Compressing: C:\Users\XKZ\Documents\VSCode Projects\CubeSetlistManager\dist\Cube Setlist Manager\_internal\_tcl_data\tzdata\Europe\Riga
   Compressing: C:\Users\XKZ\Documents\VSCode Projects\CubeSetlistManager\dist\Cube Setlist Manager\_internal\_tcl_data\tzdata\Europe\Rome
   Compressing: C:\Users\XKZ\Documents\VSCode Projects\CubeSetlistManager\dist\Cube Setlist Manager\_internal\_tcl_data\tzdata\Europe\Samara
   Compressing: C:\Users\XKZ\Documents\VSCode Projects\CubeSetlistManager\dist\Cube Setlist Manager\_internal\_tcl_data\tzdata\Europe\San_Marino
   Compressing: C:\Users\XKZ\Documents\VSCode Projects\CubeSetlistManager\dist\Cube Setlist Manager\_internal\_tcl_data\tzdata\Europe\Sarajevo
   Compressing: C:\Users\XKZ\Documents\VSCode Projects\CubeSetlistManager\dist\Cube Setlist Manager\_internal\_tcl_data\tzdata\Europe\Saratov
   Compressing: C:\Users\XKZ\Documents\VSCode Projects\CubeSetlistManager\dist\Cube Setlist Manager\_internal\_tcl_data\tzdata\Europe\Simferopol
   Compressing: C:\Users\XKZ\Documents\VSCode Projects\CubeSetlistManager\dist\Cube Setlist Manager\_internal\_tcl_data\tzdata\Europe\Skopje
   Compressing: C:\Users\XKZ\Documents\VSCode Projects\CubeSetlistManager\dist\Cube Setlist Manager\_internal\_tcl_data\tzdata\Europe\Sofia
   Compressing: C:\Users\XKZ\Documents\VSCode Projects\CubeSetlistManager\dist\Cube Setlist Manager\_internal\_tcl_data\tzdata\Europe\Stockholm
   Compressing: C:\Users\XKZ\Documents\VSCode Projects\CubeSetlistManager\dist\Cube Setlist Manager\_internal\_tcl_data\tzdata\Europe\Tallinn
   Compressing: C:\Users\XKZ\Documents\VSCode Projects\CubeSetlistManager\dist\Cube Setlist Manager\_internal\_tcl_data\tzdata\Europe\Tirane
   Compressing: C:\Users\XKZ\Documents\VSCode Projects\CubeSetlistManager\dist\Cube Setlist Manager\_internal\_tcl_data\tzdata\Europe\Tiraspol
   Compressing: C:\Users\XKZ\Documents\VSCode Projects\CubeSetlistManager\dist\Cube Setlist Manager\_internal\_tcl_data\tzdata\Europe\Ulyanovsk
   Compressing: C:\Users\XKZ\Documents\VSCode Projects\CubeSetlistManager\dist\Cube Setlist Manager\_internal\_tcl_data\tzdata\Europe\Uzhgorod
   Compressing: C:\Users\XKZ\Documents\VSCode Projects\CubeSetlistManager\dist\Cube Setlist Manager\_internal\_tcl_data\tzdata\Europe\Vaduz
   Compressing: C:\Users\XKZ\Documents\VSCode Projects\CubeSetlistManager\dist\Cube Setlist Manager\_internal\_tcl_data\tzdata\Europe\Vatican
   Compressing: C:\Users\XKZ\Documents\VSCode Projects\CubeSetlistManager\dist\Cube Setlist Manager\_internal\_tcl_data\tzdata\Europe\Vienna
   Compressing: C:\Users\XKZ\Documents\VSCode Projects\CubeSetlistManager\dist\Cube Setlist Manager\_internal\_tcl_data\tzdata\Europe\Vilnius
   Compressing: C:\Users\XKZ\Documents\VSCode Projects\CubeSetlistManager\dist\Cube Setlist Manager\_internal\_tcl_data\tzdata\Europe\Volgograd
   Compressing: C:\Users\XKZ\Documents\VSCode Projects\CubeSetlistManager\dist\Cube Setlist Manager\_internal\_tcl_data\tzdata\Europe\Warsaw
   Compressing: C:\Users\XKZ\Documents\VSCode Projects\CubeSetlistManager\dist\Cube Setlist Manager\_internal\_tcl_data\tzdata\Europe\Zagreb
   Compressing: C:\Users\XKZ\Documents\VSCode Projects\CubeSetlistManager\dist\Cube Setlist Manager\_internal\_tcl_data\tzdata\Europe\Zaporozhye
   Compressing: C:\Users\XKZ\Documents\VSCode Projects\CubeSetlistManager\dist\Cube Setlist Manager\_internal\_tcl_data\tzdata\Europe\Zurich
   Compressing: C:\Users\XKZ\Documents\VSCode Projects\CubeSetlistManager\dist\Cube Setlist Manager\_internal\_tcl_data\tzdata\Indian\Antananarivo
   Compressing: C:\Users\XKZ\Documents\VSCode Projects\CubeSetlistManager\dist\Cube Setlist Manager\_internal\_tcl_data\tzdata\Indian\Chagos
   Compressing: C:\Users\XKZ\Documents\VSCode Projects\CubeSetlistManager\dist\Cube Setlist Manager\_internal\_tcl_data\tzdata\Indian\Christmas
   Compressing: C:\Users\XKZ\Documents\VSCode Projects\CubeSetlistManager\dist\Cube Setlist Manager\_internal\_tcl_data\tzdata\Indian\Cocos
   Compressing: C:\Users\XKZ\Documents\VSCode Projects\CubeSetlistManager\dist\Cube Setlist Manager\_internal\_tcl_data\tzdata\Indian\Comoro
   Compressing: C:\Users\XKZ\Documents\VSCode Projects\CubeSetlistManager\dist\Cube Setlist Manager\_internal\_tcl_data\tzdata\Indian\Kerguelen
   Compressing: C:\Users\XKZ\Documents\VSCode Projects\CubeSetlistManager\dist\Cube Setlist Manager\_internal\_tcl_data\tzdata\Indian\Mahe
   Compressing: C:\Users\XKZ\Documents\VSCode Projects\CubeSetlistManager\dist\Cube Setlist Manager\_internal\_tcl_data\tzdata\Indian\Maldives
   Compressing: C:\Users\XKZ\Documents\VSCode Projects\CubeSetlistManager\dist\Cube Setlist Manager\_internal\_tcl_data\tzdata\Indian\Mauritius
   Compressing: C:\Users\XKZ\Documents\VSCode Projects\CubeSetlistManager\dist\Cube Setlist Manager\_internal\_tcl_data\tzdata\Indian\Mayotte
   Compressing: C:\Users\XKZ\Documents\VSCode Projects\CubeSetlistManager\dist\Cube Setlist Manager\_internal\_tcl_data\tzdata\Indian\Reunion
   Compressing: C:\Users\XKZ\Documents\VSCode Projects\CubeSetlistManager\dist\Cube Setlist Manager\_internal\_tcl_data\tzdata\Mexico\BajaNorte
   Compressing: C:\Users\XKZ\Documents\VSCode Projects\CubeSetlistManager\dist\Cube Setlist Manager\_internal\_tcl_data\tzdata\Mexico\BajaSur
   Compressing: C:\Users\XKZ\Documents\VSCode Projects\CubeSetlistManager\dist\Cube Setlist Manager\_internal\_tcl_data\tzdata\Mexico\General
   Compressing: C:\Users\XKZ\Documents\VSCode Projects\CubeSetlistManager\dist\Cube Setlist Manager\_internal\_tcl_data\tzdata\Pacific\Apia
   Compressing: C:\Users\XKZ\Documents\VSCode Projects\CubeSetlistManager\dist\Cube Setlist Manager\_internal\_tcl_data\tzdata\Pacific\Auckland
   Compressing: C:\Users\XKZ\Documents\VSCode Projects\CubeSetlistManager\dist\Cube Setlist Manager\_internal\_tcl_data\tzdata\Pacific\Bougainville
   Compressing: C:\Users\XKZ\Documents\VSCode Projects\CubeSetlistManager\dist\Cube Setlist Manager\_internal\_tcl_data\tzdata\Pacific\Chatham
   Compressing: C:\Users\XKZ\Documents\VSCode Projects\CubeSetlistManager\dist\Cube Setlist Manager\_internal\_tcl_data\tzdata\Pacific\Chuuk
   Compressing: C:\Users\XKZ\Documents\VSCode Projects\CubeSetlistManager\dist\Cube Setlist Manager\_internal\_tcl_data\tzdata\Pacific\Easter
   Compressing: C:\Users\XKZ\Documents\VSCode Projects\CubeSetlistManager\dist\Cube Setlist Manager\_internal\_tcl_data\tzdata\Pacific\Efate
   Compressing: C:\Users\XKZ\Documents\VSCode Projects\CubeSetlistManager\dist\Cube Setlist Manager\_internal\_tcl_data\tzdata\Pacific\Enderbury
   Compressing: C:\Users\XKZ\Documents\VSCode Projects\CubeSetlistManager\dist\Cube Setlist Manager\_internal\_tcl_data\tzdata\Pacific\Fakaofo
   Compressing: C:\Users\XKZ\Documents\VSCode Projects\CubeSetlistManager\dist\Cube Setlist Manager\_internal\_tcl_data\tzdata\Pacific\Fiji
   Compressing: C:\Users\XKZ\Documents\VSCode Projects\CubeSetlistManager\dist\Cube Setlist Manager\_internal\_tcl_data\tzdata\Pacific\Funafuti
   Compressing: C:\Users\XKZ\Documents\VSCode Projects\CubeSetlistManager\dist\Cube Setlist Manager\_internal\_tcl_data\tzdata\Pacific\Galapagos
   Compressing: C:\Users\XKZ\Documents\VSCode Projects\CubeSetlistManager\dist\Cube Setlist Manager\_internal\_tcl_data\tzdata\Pacific\Gambier
   Compressing: C:\Users\XKZ\Documents\VSCode Projects\CubeSetlistManager\dist\Cube Setlist Manager\_internal\_tcl_data\tzdata\Pacific\Guadalcanal
   Compressing: C:\Users\XKZ\Documents\VSCode Projects\CubeSetlistManager\dist\Cube Setlist Manager\_internal\_tcl_data\tzdata\Pacific\Guam
   Compressing: C:\Users\XKZ\Documents\VSCode Projects\CubeSetlistManager\dist\Cube Setlist Manager\_internal\_tcl_data\tzdata\Pacific\Honolulu
   Compressing: C:\Users\XKZ\Documents\VSCode Projects\CubeSetlistManager\dist\Cube Setlist Manager\_internal\_tcl_data\tzdata\Pacific\Johnston
   Compressing: C:\Users\XKZ\Documents\VSCode Projects\CubeSetlistManager\dist\Cube Setlist Manager\_internal\_tcl_data\tzdata\Pacific\Kanton
   Compressing: C:\Users\XKZ\Documents\VSCode Projects\CubeSetlistManager\dist\Cube Setlist Manager\_internal\_tcl_data\tzdata\Pacific\Kiritimati
   Compressing: C:\Users\XKZ\Documents\VSCode Projects\CubeSetlistManager\dist\Cube Setlist Manager\_internal\_tcl_data\tzdata\Pacific\Kosrae
   Compressing: C:\Users\XKZ\Documents\VSCode Projects\CubeSetlistManager\dist\Cube Setlist Manager\_internal\_tcl_data\tzdata\Pacific\Kwajalein
   Compressing: C:\Users\XKZ\Documents\VSCode Projects\CubeSetlistManager\dist\Cube Setlist Manager\_internal\_tcl_data\tzdata\Pacific\Majuro
   Compressing: C:\Users\XKZ\Documents\VSCode Projects\CubeSetlistManager\dist\Cube Setlist Manager\_internal\_tcl_data\tzdata\Pacific\Marquesas
   Compressing: C:\Users\XKZ\Documents\VSCode Projects\CubeSetlistManager\dist\Cube Setlist Manager\_internal\_tcl_data\tzdata\Pacific\Midway
   Compressing: C:\Users\XKZ\Documents\VSCode Projects\CubeSetlistManager\dist\Cube Setlist Manager\_internal\_tcl_data\tzdata\Pacific\Nauru
   Compressing: C:\Users\XKZ\Documents\VSCode Projects\CubeSetlistManager\dist\Cube Setlist Manager\_internal\_tcl_data\tzdata\Pacific\Niue
   Compressing: C:\Users\XKZ\Documents\VSCode Projects\CubeSetlistManager\dist\Cube Setlist Manager\_internal\_tcl_data\tzdata\Pacific\Norfolk
   Compressing: C:\Users\XKZ\Documents\VSCode Projects\CubeSetlistManager\dist\Cube Setlist Manager\_internal\_tcl_data\tzdata\Pacific\Noumea
   Compressing: C:\Users\XKZ\Documents\VSCode Projects\CubeSetlistManager\dist\Cube Setlist Manager\_internal\_tcl_data\tzdata\Pacific\Pago_Pago
   Compressing: C:\Users\XKZ\Documents\VSCode Projects\CubeSetlistManager\dist\Cube Setlist Manager\_internal\_tcl_data\tzdata\Pacific\Palau
   Compressing: C:\Users\XKZ\Documents\VSCode Projects\CubeSetlistManager\dist\Cube Setlist Manager\_internal\_tcl_data\tzdata\Pacific\Pitcairn
   Compressing: C:\Users\XKZ\Documents\VSCode Projects\CubeSetlistManager\dist\Cube Setlist Manager\_internal\_tcl_data\tzdata\Pacific\Pohnpei
   Compressing: C:\Users\XKZ\Documents\VSCode Projects\CubeSetlistManager\dist\Cube Setlist Manager\_internal\_tcl_data\tzdata\Pacific\Ponape
   Compressing: C:\Users\XKZ\Documents\VSCode Projects\CubeSetlistManager\dist\Cube Setlist Manager\_internal\_tcl_data\tzdata\Pacific\Port_Moresby
   Compressing: C:\Users\XKZ\Documents\VSCode Projects\CubeSetlistManager\dist\Cube Setlist Manager\_internal\_tcl_data\tzdata\Pacific\Rarotonga
   Compressing: C:\Users\XKZ\Documents\VSCode Projects\CubeSetlistManager\dist\Cube Setlist Manager\_internal\_tcl_data\tzdata\Pacific\Saipan
   Compressing: C:\Users\XKZ\Documents\VSCode Projects\CubeSetlistManager\dist\Cube Setlist Manager\_internal\_tcl_data\tzdata\Pacific\Samoa
   Compressing: C:\Users\XKZ\Documents\VSCode Projects\CubeSetlistManager\dist\Cube Setlist Manager\_internal\_tcl_data\tzdata\Pacific\Tahiti
   Compressing: C:\Users\XKZ\Documents\VSCode Projects\CubeSetlistManager\dist\Cube Setlist Manager\_internal\_tcl_data\tzdata\Pacific\Tarawa
   Compressing: C:\Users\XKZ\Documents\VSCode Projects\CubeSetlistManager\dist\Cube Setlist Manager\_internal\_tcl_data\tzdata\Pacific\Tongatapu
   Compressing: C:\Users\XKZ\Documents\VSCode Projects\CubeSetlistManager\dist\Cube Setlist Manager\_internal\_tcl_data\tzdata\Pacific\Truk
   Compressing: C:\Users\XKZ\Documents\VSCode Projects\CubeSetlistManager\dist\Cube Setlist Manager\_internal\_tcl_data\tzdata\Pacific\Wake
   Compressing: C:\Users\XKZ\Documents\VSCode Projects\CubeSetlistManager\dist\Cube Setlist Manager\_internal\_tcl_data\tzdata\Pacific\Wallis
   Compressing: C:\Users\XKZ\Documents\VSCode Projects\CubeSetlistManager\dist\Cube Setlist Manager\_internal\_tcl_data\tzdata\Pacific\Yap
   Compressing: C:\Users\XKZ\Documents\VSCode Projects\CubeSetlistManager\dist\Cube Setlist Manager\_internal\_tcl_data\tzdata\SystemV\AST4
   Compressing: C:\Users\XKZ\Documents\VSCode Projects\CubeSetlistManager\dist\Cube Setlist Manager\_internal\_tcl_data\tzdata\SystemV\AST4ADT
   Compressing: C:\Users\XKZ\Documents\VSCode Projects\CubeSetlistManager\dist\Cube Setlist Manager\_internal\_tcl_data\tzdata\SystemV\CST6
   Compressing: C:\Users\XKZ\Documents\VSCode Projects\CubeSetlistManager\dist\Cube Setlist Manager\_internal\_tcl_data\tzdata\SystemV\CST6CDT
   Compressing: C:\Users\XKZ\Documents\VSCode Projects\CubeSetlistManager\dist\Cube Setlist Manager\_internal\_tcl_data\tzdata\SystemV\EST5
   Compressing: C:\Users\XKZ\Documents\VSCode Projects\CubeSetlistManager\dist\Cube Setlist Manager\_internal\_tcl_data\tzdata\SystemV\EST5EDT
   Compressing: C:\Users\XKZ\Documents\VSCode Projects\CubeSetlistManager\dist\Cube Setlist Manager\_internal\_tcl_data\tzdata\SystemV\HST10
   Compressing: C:\Users\XKZ\Documents\VSCode Projects\CubeSetlistManager\dist\Cube Setlist Manager\_internal\_tcl_data\tzdata\SystemV\MST7
   Compressing: C:\Users\XKZ\Documents\VSCode Projects\CubeSetlistManager\dist\Cube Setlist Manager\_internal\_tcl_data\tzdata\SystemV\MST7MDT
   Compressing: C:\Users\XKZ\Documents\VSCode Projects\CubeSetlistManager\dist\Cube Setlist Manager\_internal\_tcl_data\tzdata\SystemV\PST8
   Compressing: C:\Users\XKZ\Documents\VSCode Projects\CubeSetlistManager\dist\Cube Setlist Manager\_internal\_tcl_data\tzdata\SystemV\PST8PDT
   Compressing: C:\Users\XKZ\Documents\VSCode Projects\CubeSetlistManager\dist\Cube Setlist Manager\_internal\_tcl_data\tzdata\SystemV\YST9
   Compressing: C:\Users\XKZ\Documents\VSCode Projects\CubeSetlistManager\dist\Cube Setlist Manager\_internal\_tcl_data\tzdata\SystemV\YST9YDT
   Compressing: C:\Users\XKZ\Documents\VSCode Projects\CubeSetlistManager\dist\Cube Setlist Manager\_internal\_tcl_data\tzdata\US\Alaska
   Compressing: C:\Users\XKZ\Documents\VSCode Projects\CubeSetlistManager\dist\Cube Setlist Manager\_internal\_tcl_data\tzdata\US\Aleutian
   Compressing: C:\Users\XKZ\Documents\VSCode Projects\CubeSetlistManager\dist\Cube Setlist Manager\_internal\_tcl_data\tzdata\US\Arizona
   Compressing: C:\Users\XKZ\Documents\VSCode Projects\CubeSetlistManager\dist\Cube Setlist Manager\_internal\_tcl_data\tzdata\US\Central
   Compressing: C:\Users\XKZ\Documents\VSCode Projects\CubeSetlistManager\dist\Cube Setlist Manager\_internal\_tcl_data\tzdata\US\East-Indiana
   Compressing: C:\Users\XKZ\Documents\VSCode Projects\CubeSetlistManager\dist\Cube Setlist Manager\_internal\_tcl_data\tzdata\US\Eastern
   Compressing: C:\Users\XKZ\Documents\VSCode Projects\CubeSetlistManager\dist\Cube Setlist Manager\_internal\_tcl_data\tzdata\US\Hawaii
   Compressing: C:\Users\XKZ\Documents\VSCode Projects\CubeSetlistManager\dist\Cube Setlist Manager\_internal\_tcl_data\tzdata\US\Indiana-Starke
   Compressing: C:\Users\XKZ\Documents\VSCode Projects\CubeSetlistManager\dist\Cube Setlist Manager\_internal\_tcl_data\tzdata\US\Michigan
   Compressing: C:\Users\XKZ\Documents\VSCode Projects\CubeSetlistManager\dist\Cube Setlist Manager\_internal\_tcl_data\tzdata\US\Mountain
   Compressing: C:\Users\XKZ\Documents\VSCode Projects\CubeSetlistManager\dist\Cube Setlist Manager\_internal\_tcl_data\tzdata\US\Pacific
   Compressing: C:\Users\XKZ\Documents\VSCode Projects\CubeSetlistManager\dist\Cube Setlist Manager\_internal\_tcl_data\tzdata\US\Samoa
   Compressing: C:\Users\XKZ\Documents\VSCode Projects\CubeSetlistManager\dist\Cube Setlist Manager\_internal\_tk_data\bgerror.tcl
   Compressing: C:\Users\XKZ\Documents\VSCode Projects\CubeSetlistManager\dist\Cube Setlist Manager\_internal\_tk_data\button.tcl
   Compressing: C:\Users\XKZ\Documents\VSCode Projects\CubeSetlistManager\dist\Cube Setlist Manager\_internal\_tk_data\choosedir.tcl
   Compressing: C:\Users\XKZ\Documents\VSCode Projects\CubeSetlistManager\dist\Cube Setlist Manager\_internal\_tk_data\clrpick.tcl
   Compressing: C:\Users\XKZ\Documents\VSCode Projects\CubeSetlistManager\dist\Cube Setlist Manager\_internal\_tk_data\comdlg.tcl
   Compressing: C:\Users\XKZ\Documents\VSCode Projects\CubeSetlistManager\dist\Cube Setlist Manager\_internal\_tk_data\console.tcl
   Compressing: C:\Users\XKZ\Documents\VSCode Projects\CubeSetlistManager\dist\Cube Setlist Manager\_internal\_tk_data\dialog.tcl
   Compressing: C:\Users\XKZ\Documents\VSCode Projects\CubeSetlistManager\dist\Cube Setlist Manager\_internal\_tk_data\entry.tcl
   Compressing: C:\Users\XKZ\Documents\VSCode Projects\CubeSetlistManager\dist\Cube Setlist Manager\_internal\_tk_data\focus.tcl
   Compressing: C:\Users\XKZ\Documents\VSCode Projects\CubeSetlistManager\dist\Cube Setlist Manager\_internal\_tk_data\fontchooser.tcl
   Compressing: C:\Users\XKZ\Documents\VSCode Projects\CubeSetlistManager\dist\Cube Setlist Manager\_internal\_tk_data\iconlist.tcl
   Compressing: C:\Users\XKZ\Documents\VSCode Projects\CubeSetlistManager\dist\Cube Setlist Manager\_internal\_tk_data\icons.tcl
   Compressing: C:\Users\XKZ\Documents\VSCode Projects\CubeSetlistManager\dist\Cube Setlist Manager\_internal\_tk_data\license.terms
   Compressing: C:\Users\XKZ\Documents\VSCode Projects\CubeSetlistManager\dist\Cube Setlist Manager\_internal\_tk_data\listbox.tcl
   Compressing: C:\Users\XKZ\Documents\VSCode Projects\CubeSetlistManager\dist\Cube Setlist Manager\_internal\_tk_data\megawidget.tcl
   Compressing: C:\Users\XKZ\Documents\VSCode Projects\CubeSetlistManager\dist\Cube Setlist Manager\_internal\_tk_data\menu.tcl
   Compressing: C:\Users\XKZ\Documents\VSCode Projects\CubeSetlistManager\dist\Cube Setlist Manager\_internal\_tk_data\mkpsenc.tcl
   Compressing: C:\Users\XKZ\Documents\VSCode Projects\CubeSetlistManager\dist\Cube Setlist Manager\_internal\_tk_data\msgbox.tcl
   Compressing: C:\Users\XKZ\Documents\VSCode Projects\CubeSetlistManager\dist\Cube Setlist Manager\_internal\_tk_data\obsolete.tcl
   Compressing: C:\Users\XKZ\Documents\VSCode Projects\CubeSetlistManager\dist\Cube Setlist Manager\_internal\_tk_data\optMenu.tcl
   Compressing: C:\Users\XKZ\Documents\VSCode Projects\CubeSetlistManager\dist\Cube Setlist Manager\_internal\_tk_data\palette.tcl
   Compressing: C:\Users\XKZ\Documents\VSCode Projects\CubeSetlistManager\dist\Cube Setlist Manager\_internal\_tk_data\panedwindow.tcl
   Compressing: C:\Users\XKZ\Documents\VSCode Projects\CubeSetlistManager\dist\Cube Setlist Manager\_internal\_tk_data\pkgIndex.tcl
   Compressing: C:\Users\XKZ\Documents\VSCode Projects\CubeSetlistManager\dist\Cube Setlist Manager\_internal\_tk_data\safetk.tcl
   Compressing: C:\Users\XKZ\Documents\VSCode Projects\CubeSetlistManager\dist\Cube Setlist Manager\_internal\_tk_data\scale.tcl
   Compressing: C:\Users\XKZ\Documents\VSCode Projects\CubeSetlistManager\dist\Cube Setlist Manager\_internal\_tk_data\scrlbar.tcl
   Compressing: C:\Users\XKZ\Documents\VSCode Projects\CubeSetlistManager\dist\Cube Setlist Manager\_internal\_tk_data\spinbox.tcl
   Compressing: C:\Users\XKZ\Documents\VSCode Projects\CubeSetlistManager\dist\Cube Setlist Manager\_internal\_tk_data\tclIndex
   Compressing: C:\Users\XKZ\Documents\VSCode Projects\CubeSetlistManager\dist\Cube Setlist Manager\_internal\_tk_data\tearoff.tcl
   Compressing: C:\Users\XKZ\Documents\VSCode Projects\CubeSetlistManager\dist\Cube Setlist Manager\_internal\_tk_data\text.tcl
   Compressing: C:\Users\XKZ\Documents\VSCode Projects\CubeSetlistManager\dist\Cube Setlist Manager\_internal\_tk_data\tk.tcl
   Compressing: C:\Users\XKZ\Documents\VSCode Projects\CubeSetlistManager\dist\Cube Setlist Manager\_internal\_tk_data\tkfbox.tcl
   Compressing: C:\Users\XKZ\Documents\VSCode Projects\CubeSetlistManager\dist\Cube Setlist Manager\_internal\_tk_data\unsupported.tcl
   Compressing: C:\Users\XKZ\Documents\VSCode Projects\CubeSetlistManager\dist\Cube Setlist Manager\_internal\_tk_data\xmfbox.tcl
   Compressing: C:\Users\XKZ\Documents\VSCode Projects\CubeSetlistManager\dist\Cube Setlist Manager\_internal\_tk_data\images\logo.eps
   Compressing: C:\Users\XKZ\Documents\VSCode Projects\CubeSetlistManager\dist\Cube Setlist Manager\_internal\_tk_data\images\logo100.gif
   Compressing: C:\Users\XKZ\Documents\VSCode Projects\CubeSetlistManager\dist\Cube Setlist Manager\_internal\_tk_data\images\logo64.gif
   Compressing: C:\Users\XKZ\Documents\VSCode Projects\CubeSetlistManager\dist\Cube Setlist Manager\_internal\_tk_data\images\logoLarge.gif
   Compressing: C:\Users\XKZ\Documents\VSCode Projects\CubeSetlistManager\dist\Cube Setlist Manager\_internal\_tk_data\images\logoMed.gif
   Compressing: C:\Users\XKZ\Documents\VSCode Projects\CubeSetlistManager\dist\Cube Setlist Manager\_internal\_tk_data\images\pwrdLogo.eps
   Compressing: C:\Users\XKZ\Documents\VSCode Projects\CubeSetlistManager\dist\Cube Setlist Manager\_internal\_tk_data\images\pwrdLogo100.gif
   Compressing: C:\Users\XKZ\Documents\VSCode Projects\CubeSetlistManager\dist\Cube Setlist Manager\_internal\_tk_data\images\pwrdLogo150.gif
   Compressing: C:\Users\XKZ\Documents\VSCode Projects\CubeSetlistManager\dist\Cube Setlist Manager\_internal\_tk_data\images\pwrdLogo175.gif
   Compressing: C:\Users\XKZ\Documents\VSCode Projects\CubeSetlistManager\dist\Cube Setlist Manager\_internal\_tk_data\images\pwrdLogo200.gif
   Compressing: C:\Users\XKZ\Documents\VSCode Projects\CubeSetlistManager\dist\Cube Setlist Manager\_internal\_tk_data\images\pwrdLogo75.gif
   Compressing: C:\Users\XKZ\Documents\VSCode Projects\CubeSetlistManager\dist\Cube Setlist Manager\_internal\_tk_data\images\README
   Compressing: C:\Users\XKZ\Documents\VSCode Projects\CubeSetlistManager\dist\Cube Setlist Manager\_internal\_tk_data\images\tai-ku.gif
   Compressing: C:\Users\XKZ\Documents\VSCode Projects\CubeSetlistManager\dist\Cube Setlist Manager\_internal\_tk_data\msgs\cs.msg
   Compressing: C:\Users\XKZ\Documents\VSCode Projects\CubeSetlistManager\dist\Cube Setlist Manager\_internal\_tk_data\msgs\da.msg
   Compressing: C:\Users\XKZ\Documents\VSCode Projects\CubeSetlistManager\dist\Cube Setlist Manager\_internal\_tk_data\msgs\de.msg
   Compressing: C:\Users\XKZ\Documents\VSCode Projects\CubeSetlistManager\dist\Cube Setlist Manager\_internal\_tk_data\msgs\el.msg
   Compressing: C:\Users\XKZ\Documents\VSCode Projects\CubeSetlistManager\dist\Cube Setlist Manager\_internal\_tk_data\msgs\en.msg
   Compressing: C:\Users\XKZ\Documents\VSCode Projects\CubeSetlistManager\dist\Cube Setlist Manager\_internal\_tk_data\msgs\en_gb.msg
   Compressing: C:\Users\XKZ\Documents\VSCode Projects\CubeSetlistManager\dist\Cube Setlist Manager\_internal\_tk_data\msgs\eo.msg
   Compressing: C:\Users\XKZ\Documents\VSCode Projects\CubeSetlistManager\dist\Cube Setlist Manager\_internal\_tk_data\msgs\es.msg
   Compressing: C:\Users\XKZ\Documents\VSCode Projects\CubeSetlistManager\dist\Cube Setlist Manager\_internal\_tk_data\msgs\fi.msg
   Compressing: C:\Users\XKZ\Documents\VSCode Projects\CubeSetlistManager\dist\Cube Setlist Manager\_internal\_tk_data\msgs\fr.msg
   Compressing: C:\Users\XKZ\Documents\VSCode Projects\CubeSetlistManager\dist\Cube Setlist Manager\_internal\_tk_data\msgs\hu.msg
   Compressing: C:\Users\XKZ\Documents\VSCode Projects\CubeSetlistManager\dist\Cube Setlist Manager\_internal\_tk_data\msgs\it.msg
   Compressing: C:\Users\XKZ\Documents\VSCode Projects\CubeSetlistManager\dist\Cube Setlist Manager\_internal\_tk_data\msgs\nl.msg
   Compressing: C:\Users\XKZ\Documents\VSCode Projects\CubeSetlistManager\dist\Cube Setlist Manager\_internal\_tk_data\msgs\pl.msg
   Compressing: C:\Users\XKZ\Documents\VSCode Projects\CubeSetlistManager\dist\Cube Setlist Manager\_internal\_tk_data\msgs\pt.msg
   Compressing: C:\Users\XKZ\Documents\VSCode Projects\CubeSetlistManager\dist\Cube Setlist Manager\_internal\_tk_data\msgs\ru.msg
   Compressing: C:\Users\XKZ\Documents\VSCode Projects\CubeSetlistManager\dist\Cube Setlist Manager\_internal\_tk_data\msgs\sv.msg
   Compressing: C:\Users\XKZ\Documents\VSCode Projects\CubeSetlistManager\dist\Cube Setlist Manager\_internal\_tk_data\msgs\zh_cn.msg
   Compressing: C:\Users\XKZ\Documents\VSCode Projects\CubeSetlistManager\dist\Cube Setlist Manager\_internal\_tk_data\ttk\altTheme.tcl
   Compressing: C:\Users\XKZ\Documents\VSCode Projects\CubeSetlistManager\dist\Cube Setlist Manager\_internal\_tk_data\ttk\aquaTheme.tcl
   Compressing: C:\Users\XKZ\Documents\VSCode Projects\CubeSetlistManager\dist\Cube Setlist Manager\_internal\_tk_data\ttk\button.tcl
   Compressing: C:\Users\XKZ\Documents\VSCode Projects\CubeSetlistManager\dist\Cube Setlist Manager\_internal\_tk_data\ttk\clamTheme.tcl
   Compressing: C:\Users\XKZ\Documents\VSCode Projects\CubeSetlistManager\dist\Cube Setlist Manager\_internal\_tk_data\ttk\classicTheme.tcl
   Compressing: C:\Users\XKZ\Documents\VSCode Projects\CubeSetlistManager\dist\Cube Setlist Manager\_internal\_tk_data\ttk\combobox.tcl
   Compressing: C:\Users\XKZ\Documents\VSCode Projects\CubeSetlistManager\dist\Cube Setlist Manager\_internal\_tk_data\ttk\cursors.tcl
   Compressing: C:\Users\XKZ\Documents\VSCode Projects\CubeSetlistManager\dist\Cube Setlist Manager\_internal\_tk_data\ttk\defaults.tcl
   Compressing: C:\Users\XKZ\Documents\VSCode Projects\CubeSetlistManager\dist\Cube Setlist Manager\_internal\_tk_data\ttk\entry.tcl
   Compressing: C:\Users\XKZ\Documents\VSCode Projects\CubeSetlistManager\dist\Cube Setlist Manager\_internal\_tk_data\ttk\fonts.tcl
   Compressing: C:\Users\XKZ\Documents\VSCode Projects\CubeSetlistManager\dist\Cube Setlist Manager\_internal\_tk_data\ttk\menubutton.tcl
   Compressing: C:\Users\XKZ\Documents\VSCode Projects\CubeSetlistManager\dist\Cube Setlist Manager\_internal\_tk_data\ttk\notebook.tcl
   Compressing: C:\Users\XKZ\Documents\VSCode Projects\CubeSetlistManager\dist\Cube Setlist Manager\_internal\_tk_data\ttk\panedwindow.tcl
   Compressing: C:\Users\XKZ\Documents\VSCode Projects\CubeSetlistManager\dist\Cube Setlist Manager\_internal\_tk_data\ttk\progress.tcl
   Compressing: C:\Users\XKZ\Documents\VSCode Projects\CubeSetlistManager\dist\Cube Setlist Manager\_internal\_tk_data\ttk\scale.tcl
   Compressing: C:\Users\XKZ\Documents\VSCode Projects\CubeSetlistManager\dist\Cube Setlist Manager\_internal\_tk_data\ttk\scrollbar.tcl
   Compressing: C:\Users\XKZ\Documents\VSCode Projects\CubeSetlistManager\dist\Cube Setlist Manager\_internal\_tk_data\ttk\sizegrip.tcl
   Compressing: C:\Users\XKZ\Documents\VSCode Projects\CubeSetlistManager\dist\Cube Setlist Manager\_internal\_tk_data\ttk\spinbox.tcl
   Compressing: C:\Users\XKZ\Documents\VSCode Projects\CubeSetlistManager\dist\Cube Setlist Manager\_internal\_tk_data\ttk\treeview.tcl
   Compressing: C:\Users\XKZ\Documents\VSCode Projects\CubeSetlistManager\dist\Cube Setlist Manager\_internal\_tk_data\ttk\ttk.tcl
   Compressing: C:\Users\XKZ\Documents\VSCode Projects\CubeSetlistManager\dist\Cube Setlist Manager\_internal\_tk_data\ttk\utils.tcl
   Compressing: C:\Users\XKZ\Documents\VSCode Projects\CubeSetlistManager\dist\Cube Setlist Manager\_internal\_tk_data\ttk\vistaTheme.tcl
   Compressing: C:\Users\XKZ\Documents\VSCode Projects\CubeSetlistManager\dist\Cube Setlist Manager\_internal\_tk_data\ttk\winTheme.tcl
   Compressing: C:\Users\XKZ\Documents\VSCode Projects\CubeSetlistManager\dist\Cube Setlist Manager\_internal\_tk_data\ttk\xpTheme.tcl
   Compressing: C:\Users\XKZ\Documents\VSCode Projects\CubeSetlistManager\config.example.json
   Compressing: C:\Users\XKZ\Documents\VSCode Projects\CubeSetlistManager\config.studioone.json
   Compressing: C:\Users\XKZ\Documents\VSCode Projects\CubeSetlistManager\README.md
   Compressing: C:\Users\XKZ\Documents\VSCode Projects\CubeSetlistManager\dist\Cube Setlist Manager\CubeRemote.apk
   Compressing Setup program executable
   Updating version info (Setup.exe)
   Updating manifest (Setup.exe)


Successful compile (6.734 sec). Resulting Setup program filename is:
C:\Users\XKZ\Documents\VSCode Projects\CubeSetlistManager\dist\CubeSetlistManager-StudioOne-Setup-0.11.0-nightly.20260927.exe
installer done: dist\CubeSetlistManager-S1-Setup-0.11.0-nightly.20260927.exe
